id_registro,fecha_registro,id_barrio,id_comercio,ventas_mensuales_usd,alquiler_promedio_m2,afluencia_peatonal,costo_operativo_usd,porcentaje_descuento_renta
REG000001,2023-01-31,BAR006,COM001,4324,9.67,2216,3002,0.0
REG000002,2023-01-31,BAR006,COM002,7866,10.03,3723,4812,0.0
REG000003,2023-01-31,BAR006,COM004,3578,9.63,1717,2847,0.0
REG000004,2023-01-31,BAR007,COM010,4197,8.27,1719,3039,0.0
REG000005,2023-01-31,BAR007,COM011,5750,8.35,2361,3448,0.0
REG000006,2023-01-31,BAR008,COM024,9749,15.35,4689,6368,0.0
REG000007,2023-01-31,BAR008,COM025,5697,15.12,3023,3907,0.0
REG000008,2023-01-31,BAR002,COM020,17841,35.64,8808,15550,0.0
REG000009,2023-01-31,BAR002,COM022,13069,34.74,5582,9766,0.0
REG000010,2023-01-31,BAR002,COM008,119218,35.76,10713,184544,0.0
REG000011,2023-01-31,BAR002,COM005,4172,34.43,2170,3887,0.0
REG000012,2023-01-31,BAR003,COM023,142151,43.92,10814,266153,0.0
REG000013,2023-01-31,BAR003,COM021,16289,44.65,7876,12491,0.0
REG000014,2023-01-31,BAR003,COM006,4065,45.4,1606,3850,0.0
REG000015,2023-01-31,BAR004,COM012,5224,17.64,2064,3689,0.0
REG000016,2023-01-31,BAR004,COM013,8465,18.06,4316,6654,0.0
REG000017,2023-01-31,BAR004,COM014,4792,17.71,2300,3545,0.0
REG000018,2023-01-31,BAR004,COM016,7539,17.69,3362,5331,0.0
REG000019,2023-01-31,BAR001,COM017,5152,12.11,2686,3673,0.0
REG000020,2023-01-31,BAR001,COM018,4380,11.83,2253,3021,0.0
REG000021,2023-01-31,BAR001,COM019,8831,12.06,4249,6280,0.0
REG000022,2023-01-31,BAR005,COM003,4383,10.3,2023,3023,0.0
REG000023,2023-01-31,BAR005,COM007,3840,9.77,1650,2707,0.0
REG000024,2023-02-28,BAR006,COM001,5145,9.57,2575,3513,0.0
REG000025,2023-02-28,BAR006,COM002,8548,10.11,4443,5499,0.0
REG000026,2023-02-28,BAR006,COM004,4460,9.94,1671,3364,0.0
REG000027,2023-02-28,BAR007,COM010,5015,8.02,2073,3433,0.0
REG000028,2023-02-28,BAR007,COM011,6770,8.4,2829,4113,0.0
REG000029,2023-02-28,BAR008,COM024,9990,15.96,4787,6820,0.0
REG000030,2023-02-28,BAR008,COM025,6657,15.68,2781,4481,0.0
REG000031,2023-02-28,BAR002,COM020,19720,36.12,9609,16576,0.0
REG000032,2023-02-28,BAR002,COM022,13172,34.5,5237,9958,0.0
REG000033,2023-02-28,BAR002,COM008,138267,35.11,12184,196739,0.0
REG000034,2023-02-28,BAR002,COM005,4387,34.64,2072,4092,0.0
REG000035,2023-02-28,BAR003,COM023,173942,46.54,12116,299821,0.0
REG000036,2023-02-28,BAR003,COM021,18759,45.16,8396,14153,0.0
REG000037,2023-02-28,BAR003,COM006,3153,45.92,1468,3411,0.0
REG000038,2023-02-28,BAR004,COM012,5458,18.63,2328,3958,0.0
REG000039,2023-02-28,BAR004,COM013,9262,17.68,4120,6875,0.0
REG000040,2023-02-28,BAR004,COM014,5197,17.8,2216,3847,0.0
REG000041,2023-02-28,BAR004,COM016,8918,17.8,3459,6079,0.0
REG000042,2023-02-28,BAR001,COM017,5511,11.86,2980,3967,0.0
REG000043,2023-02-28,BAR001,COM018,4620,12.36,2040,3302,0.0
REG000044,2023-02-28,BAR001,COM019,10696,12.27,4612,7040,0.0
REG000045,2023-02-28,BAR005,COM003,5053,9.98,2041,3365,0.0
REG000046,2023-02-28,BAR005,COM007,4732,10.32,2236,2999,0.0
REG000047,2023-03-31,BAR006,COM001,5086,10.07,2303,3449,0.0
REG000048,2023-03-31,BAR006,COM002,8446,9.81,3511,5200,0.0
REG000049,2023-03-31,BAR006,COM004,4609,9.83,1815,3569,0.0
REG000050,2023-03-31,BAR007,COM010,4556,8.48,2265,3364,0.0
REG000051,2023-03-31,BAR007,COM011,6756,8.41,3279,4067,0.0
REG000052,2023-03-31,BAR008,COM024,10079,15.56,4780,6522,0.0
REG000053,2023-03-31,BAR008,COM025,7032,15.43,2858,4929,0.0
REG000054,2023-03-31,BAR002,COM020,19452,37.05,8831,16754,0.0
REG000055,2023-03-31,BAR002,COM022,14083,35.31,6289,10259,0.0
REG000056,2023-03-31,BAR002,COM008,134293,36.15,12605,197619,0.0
REG000057,2023-03-31,BAR002,COM005,3776,36.06,1468,3960,0.0
REG000058,2023-03-31,BAR003,COM023,181442,45.46,12634,302006,0.0
REG000059,2023-03-31,BAR003,COM021,19247,45.89,8752,14175,0.0
REG000060,2023-03-31,BAR003,COM006,2759,46.9,1460,3178,0.0
REG000061,2023-03-31,BAR004,COM012,5731,18.21,2508,4208,0.0
REG000062,2023-03-31,BAR004,COM013,9594,17.9,3841,7146,0.0
REG000063,2023-03-31,BAR004,COM014,4986,17.98,2462,3952,0.0
REG000064,2023-03-31,BAR004,COM016,8711,18.72,3475,6038,0.0
REG000065,2023-03-31,BAR001,COM017,5663,11.93,2352,4160,0.0
REG000066,2023-03-31,BAR001,COM018,5218,12.0,2491,3452,0.0
REG000067,2023-03-31,BAR001,COM019,10595,12.18,5131,7296,0.0
REG000068,2023-03-31,BAR005,COM003,4717,10.25,2434,3121,0.0
REG000069,2023-03-31,BAR005,COM007,4932,9.84,2197,3104,0.0
REG000070,2023-04-30,BAR006,COM001,5275,9.75,2097,3681,0.0
REG000071,2023-04-30,BAR006,COM002,8121,9.97,4128,5021,0.0
REG000072,2023-04-30,BAR006,COM004,4606,10.09,1959,3275,0.0
REG000073,2023-04-30,BAR007,COM010,4739,8.0,2182,3414,0.0
REG000074,2023-04-30,BAR007,COM011,6096,8.37,2999,3857,0.0
REG000075,2023-04-30,BAR008,COM024,9763,15.33,4711,6666,0.0
REG000076,2023-04-30,BAR008,COM025,6586,16.05,3332,4629,0.0
REG000077,2023-04-30,BAR002,COM020,18614,36.18,8047,16124,0.0
REG000078,2023-04-30,BAR002,COM022,14451,37.47,6761,10567,0.0
REG000079,2023-04-30,BAR002,COM008,125426,37.21,10322,193625,0.0
REG000080,2023-04-30,BAR002,COM005,3456,35.84,1498,3806,0.0
REG000081,2023-04-30,BAR003,COM023,184041,48.36,15809,315574,0.0
REG000082,2023-04-30,BAR003,COM021,19547,47.0,7340,14748,0.0
REG000083,2023-04-30,BAR003,COM006,2648,48.36,1240,3017,0.0
REG000084,2023-04-30,BAR004,COM012,5327,18.68,2806,3971,0.0
REG000085,2023-04-30,BAR004,COM013,9782,18.23,3879,7242,0.0
REG000086,2023-04-30,BAR004,COM014,4951,17.75,2561,3699,0.0
REG000087,2023-04-30,BAR004,COM016,9318,18.78,3795,6087,0.0
REG000088,2023-04-30,BAR001,COM017,5857,12.5,2820,4135,0.0
REG000089,2023-04-30,BAR001,COM018,4626,12.49,2535,3152,0.0
REG000090,2023-04-30,BAR001,COM019,9905,11.86,5327,6670,0.0
REG000091,2023-04-30,BAR005,COM003,4977,10.15,2492,3346,0.0
REG000092,2023-04-30,BAR005,COM007,4670,9.94,2024,3200,0.0
REG000093,2023-05-31,BAR006,COM001,5598,9.94,2026,3913,0.0
REG000094,2023-05-31,BAR006,COM002,8767,9.84,4160,5294,0.0
REG000095,2023-05-31,BAR006,COM004,4216,9.81,2067,3346,0.0
REG000096,2023-05-31,BAR007,COM010,4762,8.17,2383,3290,0.0
REG000097,2023-05-31,BAR007,COM011,6142,8.08,2802,3824,0.0
REG000098,2023-05-31,BAR008,COM024,10928,16.19,5468,7247,0.0
REG000099,2023-05-31,BAR008,COM025,6602,15.34,2800,4490,0.0
REG000100,2023-05-31,BAR002,COM020,20147,37.49,8852,16990,0.0
REG000101,2023-05-31,BAR002,COM022,13088,37.09,6126,10069,0.0
REG000102,2023-05-31,BAR002,COM008,128129,36.22,12274,192521,0.0
REG000103,2023-05-31,BAR002,COM005,3004,37.86,1458,3567,0.0
REG000104,2023-05-31,BAR003,COM023,165438,47.46,15169,296200,0.0
REG000105,2023-05-31,BAR003,COM021,18872,49.34,7953,14209,0.0
REG000106,2023-05-31,BAR003,COM006,2222,47.44,964,2928,0.0
REG000107,2023-05-31,BAR004,COM012,5478,18.53,2592,3708,0.0
REG000108,2023-05-31,BAR004,COM013,9751,17.93,4569,7246,0.0
REG000109,2023-05-31,BAR004,COM014,5583,18.38,2134,4017,0.0
REG000110,2023-05-31,BAR004,COM016,9332,18.31,3715,6285,0.0
REG000111,2023-05-31,BAR001,COM017,6437,12.26,2850,4608,0.0
REG000112,2023-05-31,BAR001,COM018,5028,12.35,2508,3499,0.0
REG000113,2023-05-31,BAR001,COM019,10402,12.48,5157,7116,0.0
REG000114,2023-05-31,BAR005,COM003,4942,9.97,2319,3372,0.0
REG000115,2023-05-31,BAR005,COM007,4634,10.2,2266,3013,0.0
REG000116,2023-06-30,BAR006,COM001,5072,9.81,2084,3458,0.0
REG000117,2023-06-30,BAR006,COM002,8048,9.79,3929,5146,0.0
REG000118,2023-06-30,BAR006,COM004,4040,9.89,2096,3132,0.0
REG000119,2023-06-30,BAR007,COM010,4693,8.24,2181,3455,0.0
REG000120,2023-06-30,BAR007,COM011,6562,8.46,2965,4201,0.0
REG000121,2023-06-30,BAR008,COM024,9815,15.75,4670,6665,0.0
REG000122,2023-06-30,BAR008,COM025,7041,15.81,3300,4935,0.0
REG000123,2023-06-30,BAR002,COM020,20322,37.07,9213,16925,0.0
REG000124,2023-06-30,BAR002,COM022,12734,37.33,6139,9801,0.0
REG000125,2023-06-30,BAR002,COM008,129308,37.63,11059,196190,0.0
REG000126,2023-06-30,BAR002,COM005,2595,37.47,1323,3251,0.0
REG000127,2023-06-30,BAR003,COM023,179140,48.12,12524,310072,0.0
REG000128,2023-06-30,BAR003,COM021,18692,48.35,7495,14137,0.0
REG000129,2023-06-30,BAR003,COM006,1857,49.94,928,2852,0.0
REG000130,2023-06-30,BAR004,COM012,5357,17.92,2415,3835,0.0
REG000131,2023-06-30,BAR004,COM013,9160,18.62,4905,7126,0.0
REG000132,2023-06-30,BAR004,COM014,5441,18.95,2484,4025,0.0
REG000133,2023-06-30,BAR004,COM016,8381,18.04,3453,5698,0.0
REG000134,2023-06-30,BAR001,COM017,5718,12.39,2774,4146,0.0
REG000135,2023-06-30,BAR001,COM018,5034,12.42,2025,3349,0.0
REG000136,2023-06-30,BAR001,COM019,11123,11.95,5157,7183,0.0
REG000137,2023-06-30,BAR005,COM003,5297,10.43,2209,3484,0.0
REG000138,2023-06-30,BAR005,COM007,4309,10.27,2236,2977,0.0
REG000139,2023-07-31,BAR006,COM001,5492,10.19,2106,3819,0.0
REG000140,2023-07-31,BAR006,COM002,9213,10.15,3445,5661,0.0
REG000141,2023-07-31,BAR006,COM004,4261,9.98,1935,3178,0.0
REG000142,2023-07-31,BAR007,COM010,5183,8.1,2475,3739,0.0
REG000143,2023-07-31,BAR007,COM011,6711,8.4,3016,4150,0.0
REG000144,2023-07-31,BAR008,COM024,11486,15.75,5200,7606,0.0
REG000145,2023-07-31,BAR008,COM025,6561,15.91,3024,4669,0.0
REG000146,2023-07-31,BAR002,COM020,21223,39.03,8498,17661,0.0
REG000147,2023-07-31,BAR002,COM022,13260,38.19,7004,10119,0.0
REG000148,2023-07-31,BAR002,COM008,127591,39.08,11082,198584,0.0
REG000149,2023-07-31,BAR002,COM005,2677,37.9,1061,3440,0.0
REG000150,2023-07-31,BAR003,COM023,170897,48.61,15661,306330,0.0
REG000151,2023-07-31,BAR003,COM021,19851,50.05,7632,15075,0.0
REG000152,2023-07-31,BAR004,COM012,5904,18.54,2772,4257,0.0
REG000153,2023-07-31,BAR004,COM013,9003,18.76,3760,6862,0.0
REG000154,2023-07-31,BAR004,COM014,5232,18.58,2447,3983,0.0
REG000155,2023-07-31,BAR004,COM016,8669,18.77,4349,5727,0.0
REG000156,2023-07-31,BAR001,COM017,5642,12.06,2526,3829,0.0
REG000157,2023-07-31,BAR001,COM018,5167,12.06,2278,3450,0.0
REG000158,2023-07-31,BAR001,COM019,10758,12.64,4698,7237,0.0
REG000159,2023-07-31,BAR005,COM003,4831,9.99,2193,3147,0.0
REG000160,2023-07-31,BAR005,COM007,4267,10.2,1901,2811,0.0
REG000161,2023-08-31,BAR006,COM001,5318,10.13,2737,3531,0.0
REG000162,2023-08-31,BAR006,COM002,8547,10.23,4320,5388,0.0
REG000163,2023-08-31,BAR006,COM004,4319,9.82,1963,3085,0.0
REG000164,2023-08-31,BAR007,COM010,4916,8.48,2539,3388,0.0
REG000165,2023-08-31,BAR007,COM011,6521,8.09,2532,3924,0.0
REG000166,2023-08-31,BAR008,COM024,10385,16.53,4965,6768,0.0
REG000167,2023-08-31,BAR008,COM025,6703,16.33,3233,4562,0.0
REG000168,2023-08-31,BAR002,COM020,20032,38.71,9240,17268,0.0
REG000169,2023-08-31,BAR002,COM022,13450,39.13,7237,10284,0.0
REG000170,2023-08-31,BAR002,COM008,149359,38.16,12451,213322,0.0
REG000171,2023-08-31,BAR002,COM005,2197,38.08,1107,2861,0.0
REG000172,2023-08-31,BAR003,COM023,177948,51.27,12717,319826,0.0
REG000173,2023-08-31,BAR003,COM021,19929,51.61,8062,15113,0.0
REG000174,2023-08-31,BAR004,COM012,6192,18.96,2784,4362,0.0
REG000175,2023-08-31,BAR004,COM013,10117,18.56,4508,7552,0.0
REG000176,2023-08-31,BAR004,COM014,5626,19.0,2506,4077,0.0
REG000177,2023-08-31,BAR004,COM016,8671,18.92,3659,5853,0.0
REG000178,2023-08-31,BAR001,COM017,5662,12.48,2564,4093,0.0
REG000179,2023-08-31,BAR001,COM018,4969,12.34,2558,3297,0.0
REG000180,2023-08-31,BAR001,COM019,10302,12.21,4081,6843,0.0
REG000181,2023-08-31,BAR005,COM003,5554,10.42,2062,3697,0.0
REG000182,2023-08-31,BAR005,COM007,5002,10.32,2390,3216,0.0
REG000183,2023-09-30,BAR006,COM001,5500,10.02,2070,3836,0.0
REG000184,2023-09-30,BAR006,COM002,8131,10.09,4380,5179,0.0
REG000185,2023-09-30,BAR006,COM004,4083,9.95,1981,3075,0.0
REG000186,2023-09-30,BAR007,COM010,5222,8.25,2359,3662,0.0
REG000187,2023-09-30,BAR007,COM011,6857,8.49,2724,4278,0.0
REG000188,2023-09-30,BAR008,COM024,10435,15.96,4822,7105,0.0
REG000189,2023-09-30,BAR008,COM025,6620,16.6,2915,4701,0.0
REG000190,2023-09-30,BAR002,COM020,20012,38.69,9342,17054,0.0
REG000191,2023-09-30,BAR002,COM022,14217,40.04,6822,10603,0.0
REG000192,2023-09-30,BAR002,COM008,150404,39.28,11904,217911,0.0
REG000193,2023-09-30,BAR002,COM005,2276,39.68,852,3034,0.0
REG000194,2023-09-30,BAR003,COM023,182998,52.07,13576,326169,0.0
REG000195,2023-09-30,BAR003,COM021,20689,51.78,10124,15409,0.0
REG000196,2023-09-30,BAR004,COM012,5826,18.98,2913,4115,0.0
REG000197,2023-09-30,BAR004,COM013,10007,19.27,4024,7435,0.0
REG000198,2023-09-30,BAR004,COM014,5208,19.21,2449,4032,0.0
REG000199,2023-09-30,BAR004,COM016,9505,18.48,4547,6382,0.0
REG000200,2023-09-30,BAR001,COM017,6462,12.4,2676,4577,0.0
REG000201,2023-09-30,BAR001,COM018,4818,12.45,2115,3585,0.0
REG000202,2023-09-30,BAR001,COM019,9859,12.42,4734,6654,0.0
REG000203,2023-09-30,BAR005,COM003,5218,10.22,2392,3405,0.0
REG000204,2023-09-30,BAR005,COM007,4783,10.29,1910,3081,0.0
REG000205,2023-10-31,BAR006,COM001,4907,10.22,2605,3540,0.0
REG000206,2023-10-31,BAR006,COM002,8420,10.17,4262,5415,0.0
REG000207,2023-10-31,BAR006,COM004,4374,9.79,2277,3294,0.0
REG000208,2023-10-31,BAR007,COM010,5236,8.54,2308,3582,0.0
REG000209,2023-10-31,BAR007,COM011,6370,8.46,2938,3953,0.0
REG000210,2023-10-31,BAR008,COM024,10190,16.18,5130,6982,0.0
REG000211,2023-10-31,BAR008,COM025,6821,16.36,2862,4879,0.0
REG000212,2023-10-31,BAR002,COM020,21567,39.73,10250,18048,0.0
REG000213,2023-10-31,BAR002,COM022,14574,40.91,6778,10789,0.0
REG000214,2023-10-31,BAR002,COM008,145162,41.03,10314,218796,0.0
REG000215,2023-10-31,BAR002,COM005,1905,39.05,940,2963,0.0
REG000216,2023-10-31,BAR003,COM023,182044,53.45,17019,331876,0.0
REG000217,2023-10-31,BAR003,COM021,20448,52.18,7665,15409,0.0
REG000218,2023-10-31,BAR004,COM012,5886,18.9,2379,4259,0.0
REG000219,2023-10-31,BAR004,COM013,8894,19.25,3905,6972,0.0
REG000220,2023-10-31,BAR004,COM014,5686,18.42,2236,4240,0.0
REG000221,2023-10-31,BAR004,COM016,8665,18.27,3796,5918,0.0
REG000222,2023-10-31,BAR001,COM017,6233,12.18,3086,4289,0.0
REG000223,2023-10-31,BAR001,COM018,5058,12.54,2162,3490,0.0
REG000224,2023-10-31,BAR001,COM019,11057,12.21,4405,7312,0.0
REG000225,2023-10-31,BAR005,COM003,4974,10.32,2348,3375,0.0
REG000226,2023-10-31,BAR005,COM007,4489,10.57,2421,3096,0.0
REG000227,2023-11-30,BAR006,COM001,5360,10.21,2248,3805,0.0
REG000228,2023-11-30,BAR006,COM002,8731,10.1,3374,5617,0.0
REG000229,2023-11-30,BAR006,COM004,4596,10.16,1866,3378,0.0
REG000230,2023-11-30,BAR007,COM010,5044,8.45,2341,3585,0.0
REG000231,2023-11-30,BAR007,COM011,6775,8.43,3060,4373,0.0
REG000232,2023-11-30,BAR008,COM024,10488,16.23,5133,6992,0.0
REG000233,2023-11-30,BAR008,COM025,6196,16.09,3224,4482,0.0
REG000234,2023-11-30,BAR002,COM020,19290,40.71,8410,17204,0.0
REG000235,2023-11-30,BAR002,COM022,14979,41.42,6445,11133,0.0
REG000236,2023-11-30,BAR002,COM008,143183,41.37,13132,217600,0.0
REG000237,2023-11-30,BAR003,COM023,174457,55.28,14742,330837,0.0
REG000238,2023-11-30,BAR003,COM021,20772,54.51,10176,16004,0.0
REG000239,2023-11-30,BAR004,COM012,6173,18.77,3050,4412,0.0
REG000240,2023-11-30,BAR004,COM013,9630,18.87,3717,7363,0.0
REG000241,2023-11-30,BAR004,COM014,5433,19.29,2562,4332,0.0
REG000242,2023-11-30,BAR004,COM016,8668,18.38,3632,5956,0.0
REG000243,2023-11-30,BAR001,COM017,6483,12.28,2814,4280,0.0
REG000244,2023-11-30,BAR001,COM018,5326,12.34,2492,3624,0.0
REG000245,2023-11-30,BAR001,COM019,11260,12.34,4261,7477,0.0
REG000246,2023-11-30,BAR005,COM003,5525,10.08,2079,3622,0.0
REG000247,2023-11-30,BAR005,COM007,4826,10.58,2219,3186,0.0
REG000248,2023-12-31,BAR006,COM001,6026,10.08,3110,3907,0.0
REG000249,2023-12-31,BAR006,COM002,10161,10.4,4672,6065,0.0
REG000250,2023-12-31,BAR006,COM004,5226,10.4,2304,3940,0.0
REG000251,2023-12-31,BAR007,COM010,6121,8.4,2377,4277,0.0
REG000252,2023-12-31,BAR007,COM011,7602,8.23,3363,4511,0.0
REG000253,2023-12-31,BAR008,COM024,12927,16.53,6537,8375,0.0
REG000254,2023-12-31,BAR008,COM025,7362,16.66,3729,4946,0.0
REG000255,2023-12-31,BAR002,COM020,24975,40.16,9975,20166,0.0
REG000256,2023-12-31,BAR002,COM022,16157,42.14,7018,11856,0.0
REG000257,2023-12-31,BAR002,COM008,185197,40.0,12970,247170,0.0
REG000258,2023-12-31,BAR003,COM023,212396,53.94,16808,355807,0.0
REG000259,2023-12-31,BAR003,COM021,21910,53.16,11297,16453,0.0
REG000260,2023-12-31,BAR004,COM012,6898,18.64,2973,4511,0.0
REG000261,2023-12-31,BAR004,COM013,11583,19.3,5623,8398,0.0
REG000262,2023-12-31,BAR004,COM014,6478,18.57,3183,4700,0.0
REG000263,2023-12-31,BAR004,COM016,10111,19.34,5621,6781,0.0
REG000264,2023-12-31,BAR001,COM017,7268,12.89,3347,4740,0.0
REG000265,2023-12-31,BAR001,COM018,5916,12.68,2714,3993,0.0
REG000266,2023-12-31,BAR001,COM019,11786,12.22,6456,7803,0.0
REG000267,2023-12-31,BAR005,COM003,6030,10.42,2473,3948,0.0
REG000268,2023-12-31,BAR005,COM007,6022,10.35,2403,3852,0.0
REG000269,2024-01-31,BAR006,COM001,4486,10.28,2247,3371,0.0
REG000270,2024-01-31,BAR006,COM002,8075,10.29,3678,4987,0.0
REG000271,2024-01-31,BAR006,COM004,3791,10.06,1775,2970,0.0
REG000272,2024-01-31,BAR007,COM010,4174,8.36,1977,3079,0.0
REG000273,2024-01-31,BAR007,COM011,5484,8.61,2540,3332,0.0
REG000274,2024-01-31,BAR008,COM024,9158,16.06,4895,6315,0.0
REG000275,2024-01-31,BAR008,COM025,6045,16.54,2978,4344,0.0
REG000276,2024-01-31,BAR002,COM020,17506,41.48,8036,16216,0.0
REG000277,2024-01-31,BAR002,COM022,13496,42.4,6228,10666,0.0
REG000278,2024-01-31,BAR002,COM008,128709,42.04,11317,206918,0.0
REG000279,2024-01-31,BAR003,COM023,163793,54.43,14950,320954,0.0
REG000280,2024-01-31,BAR003,COM021,18640,55.99,7808,14874,0.0
REG000281,2024-01-31,BAR004,COM012,6396,19.48,2982,4486,0.0
REG000282,2024-01-31,BAR004,COM013,9027,19.6,4629,7160,0.0
REG000283,2024-01-31,BAR004,COM014,5137,19.34,2289,3919,0.0
REG000284,2024-01-31,BAR004,COM016,8506,19.53,3996,5786,0.0
REG000285,2024-01-31,BAR004,COM023,123022,23.54,10551,179408,0.0
REG000286,2024-01-31,BAR001,COM017,5253,12.53,2686,3726,0.0
REG000287,2024-01-31,BAR001,COM018,4677,12.8,1973,3347,0.0
REG000288,2024-01-31,BAR001,COM019,8834,12.33,3786,6192,0.0
REG000289,2024-01-31,BAR005,COM003,4529,10.47,2248,3099,0.0
REG000290,2024-01-31,BAR005,COM007,4037,10.52,1871,2628,0.0
REG000291,2024-02-29,BAR006,COM001,5151,10.3,2374,3591,0.0
REG000292,2024-02-29,BAR006,COM002,7984,10.13,4110,5085,0.0
REG000293,2024-02-29,BAR006,COM004,4272,10.01,1709,3105,0.0
REG000294,2024-02-29,BAR007,COM010,4827,8.17,2090,3462,0.0
REG000295,2024-02-29,BAR007,COM011,6341,8.52,2653,3975,0.0
REG000296,2024-02-29,BAR008,COM024,11451,16.11,5458,7628,0.0
REG000297,2024-02-29,BAR008,COM025,6157,16.96,2615,4543,0.0
REG000298,2024-02-29,BAR002,COM020,21050,43.01,9672,18296,0.0
REG000299,2024-02-29,BAR002,COM022,13129,42.03,5717,10373,0.0
REG000300,2024-02-29,BAR002,COM008,155811,43.54,12766,231558,0.0
REG000301,2024-02-29,BAR003,COM023,184764,57.05,17715,345838,0.0
REG000302,2024-02-29,BAR003,COM021,19389,56.2,8804,15112,0.0
REG000303,2024-02-29,BAR004,COM012,5568,19.32,2275,3984,0.0
REG000304,2024-02-29,BAR004,COM013,8912,20.05,4656,7133,0.0
REG000305,2024-02-29,BAR004,COM014,4848,19.36,2518,3716,0.0
REG000306,2024-02-29,BAR004,COM016,8995,19.96,4046,5916,0.0
REG000307,2024-02-29,BAR004,COM023,146022,24.54,13176,202306,0.0
REG000308,2024-02-29,BAR001,COM017,6550,12.69,2745,4565,0.0
REG000309,2024-02-29,BAR001,COM018,5322,12.74,2371,3533,0.0
REG000310,2024-02-29,BAR001,COM019,10506,12.49,4196,6987,0.0
REG000311,2024-02-29,BAR005,COM003,5240,10.28,2062,3471,0.0
REG000312,2024-02-29,BAR005,COM007,4907,10.13,1836,3397,0.0
REG000313,2024-03-31,BAR006,COM001,5445,10.22,2689,3739,0.0
REG000314,2024-03-31,BAR006,COM002,9022,10.46,3981,5608,0.0
REG000315,2024-03-31,BAR006,COM004,4529,10.11,2196,3387,0.0
REG000316,2024-03-31,BAR007,COM010,4620,8.23,2022,3412,0.0
REG000317,2024-03-31,BAR007,COM011,6700,8.43,2806,4039,0.0
REG000318,2024-03-31,BAR008,COM024,10840,16.56,4600,7181,0.0
REG000319,2024-03-31,BAR008,COM025,6548,16.4,2727,4553,0.0
REG000320,2024-03-31,BAR002,COM020,21237,43.86,9043,18618,0.0
REG000321,2024-03-31,BAR002,COM022,13349,43.57,5644,10387,0.0
REG000322,2024-03-31,BAR002,COM008,153174,44.16,13288,232622,0.0
REG000323,2024-03-31,BAR003,COM023,197570,56.52,15436,353624,0.0
REG000324,2024-03-31,BAR003,COM021,20754,57.39,10426,16056,0.0
REG000325,2024-03-31,BAR004,COM012,5039,20.32,2672,3838,0.0
REG000326,2024-03-31,BAR004,COM013,8771,20.88,4246,7098,0.0
REG000327,2024-03-31,BAR004,COM014,4753,20.65,2271,3812,0.0
REG000328,2024-03-31,BAR004,COM016,7897,20.08,3518,5332,0.0
REG000329,2024-03-31,BAR004,COM023,147005,24.61,13926,202074,0.0
REG000330,2024-03-31,BAR001,COM017,6491,12.39,2441,4573,0.0
REG000331,2024-03-31,BAR001,COM018,5348,12.34,2520,3608,0.0
REG000332,2024-03-31,BAR001,COM019,10008,12.6,5221,6677,0.0
REG000333,2024-03-31,BAR005,COM003,5472,10.62,2620,3494,0.0
REG000334,2024-03-31,BAR005,COM007,4598,10.54,2080,2987,0.0
REG000335,2024-04-30,BAR006,COM001,5173,10.4,2394,3592,0.0
REG000336,2024-04-30,BAR006,COM002,8365,10.44,3962,5253,0.0
REG000337,2024-04-30,BAR006,COM004,4337,10.53,2216,3510,0.0
REG000338,2024-04-30,BAR007,COM010,4800,8.39,2234,3370,0.0
REG000339,2024-04-30,BAR007,COM011,6820,8.6,3363,4095,0.0
REG000340,2024-04-30,BAR008,COM024,11230,17.08,4617,7437,0.0
REG000341,2024-04-30,BAR008,COM025,7068,17.06,2681,4817,0.0
REG000342,2024-04-30,BAR002,COM020,20250,44.82,10306,18019,0.0
REG000343,2024-04-30,BAR002,COM022,15356,43.03,6392,11523,0.0
REG000344,2024-04-30,BAR002,COM008,139495,42.59,12009,217285,0.0
REG000345,2024-04-30,BAR003,COM023,212942,58.37,15140,371446,0.0
REG000346,2024-04-30,BAR003,COM021,21334,59.34,10387,16600,0.0
REG000347,2024-04-30,BAR004,COM012,4694,21.61,1968,3651,0.0
REG000348,2024-04-30,BAR004,COM013,8246,21.12,3235,6538,0.0
REG000349,2024-04-30,BAR004,COM014,4253,21.61,1757,3631,0.0
REG000350,2024-04-30,BAR004,COM016,7583,20.69,3665,5213,0.0
REG000351,2024-04-30,BAR004,COM023,137761,25.77,11637,200236,0.0
REG000352,2024-04-30,BAR001,COM017,5786,13.05,2768,4147,0.0
REG000353,2024-04-30,BAR001,COM018,5061,12.54,1962,3379,0.0
REG000354,2024-04-30,BAR001,COM019,10864,12.54,4746,7245,0.0
REG000355,2024-04-30,BAR005,COM003,4906,10.76,2506,3148,0.0
REG000356,2024-04-30,BAR005,COM007,4674,10.77,2139,3161,0.0
REG000357,2024-05-31,BAR006,COM001,5343,10.36,2360,3897,0.0
REG000358,2024-05-31,BAR006,COM002,7968,10.46,3635,4986,0.0
REG000359,2024-05-31,BAR006,COM004,4530,10.45,2159,3512,0.0
REG000360,2024-05-31,BAR007,COM010,4615,8.49,2149,3388,0.0
REG000361,2024-05-31,BAR007,COM011,6795,8.45,2668,4301,0.0
REG000362,2024-05-31,BAR008,COM024,11564,16.35,5204,7669,0.0
REG000363,2024-05-31,BAR008,COM025,6489,16.33,3011,4434,0.0
REG000364,2024-05-31,BAR002,COM020,22584,44.46,8280,19585,0.0
REG000365,2024-05-31,BAR002,COM022,13822,45.09,6625,10709,0.0
REG000366,2024-05-31,BAR002,COM008,159284,45.39,12157,239380,0.0
REG000367,2024-05-31,BAR003,COM023,195480,61.26,14766,369371,0.0
REG000368,2024-05-31,BAR003,COM021,19988,61.57,10349,15909,0.0
REG000369,2024-05-31,BAR004,COM012,4852,21.95,2063,3791,0.0
REG000370,2024-05-31,BAR004,COM013,6962,22.06,3624,6243,0.0
REG000371,2024-05-31,BAR004,COM014,4019,21.38,1906,3536,0.0
REG000372,2024-05-31,BAR004,COM016,7175,21.83,3022,5195,0.0
REG000373,2024-05-31,BAR004,COM023,138734,27.4,11919,205817,0.0
REG000374,2024-05-31,BAR001,COM017,5966,13.16,3233,4392,0.0
REG000375,2024-05-31,BAR001,COM018,5170,12.69,2006,3708,0.0
REG000376,2024-05-31,BAR001,COM019,11476,12.52,5125,7656,0.0
REG000377,2024-05-31,BAR005,COM003,4873,10.22,2595,3398,0.0
REG000378,2024-05-31,BAR005,COM007,4586,10.53,2039,3127,0.0
REG000379,2024-06-30,BAR006,COM001,5765,10.23,2576,4036,0.0
REG000380,2024-06-30,BAR006,COM002,8686,10.25,4016,5495,0.0
REG000381,2024-06-30,BAR006,COM004,4173,10.46,1870,3222,0.0
REG000382,2024-06-30,BAR007,COM010,5033,8.36,2188,3390,0.0
REG000383,2024-06-30,BAR007,COM011,7035,8.37,2914,4519,0.0
REG000384,2024-06-30,BAR008,COM024,10381,17.23,5008,6938,0.0
REG000385,2024-06-30,BAR008,COM025,6665,16.45,3422,4729,0.0
REG000386,2024-06-30,BAR008,COM009,82546,18.72,7817,99211,0.0
REG000387,2024-06-30,BAR002,COM020,22554,46.03,9770,19693,0.0
REG000388,2024-06-30,BAR002,COM022,14766,45.88,7409,11407,0.0
REG000389,2024-06-30,BAR002,COM008,146593,44.1,11372,227173,0.0
REG000390,2024-06-30,BAR003,COM023,203840,60.46,14447,373212,0.0
REG000391,2024-06-30,BAR003,COM021,20847,59.43,9453,16146,0.0
REG000392,2024-06-30,BAR004,COM012,4397,22.73,2220,3553,0.0
REG000393,2024-06-30,BAR004,COM013,6503,23.34,3480,6034,0.0
REG000394,2024-06-30,BAR004,COM014,3980,22.49,1732,3652,0.0
REG000395,2024-06-30,BAR004,COM016,6748,22.26,3252,5088,0.0
REG000396,2024-06-30,BAR004,COM023,160809,27.0,12320,221179,0.0
REG000397,2024-06-30,BAR001,COM017,5875,12.71,2528,4225,0.0
REG000398,2024-06-30,BAR001,COM018,5426,13.15,2197,3882,0.0
REG000399,2024-06-30,BAR001,COM019,10964,12.88,4513,7210,0.0
REG000400,2024-06-30,BAR005,COM003,5304,10.52,2256,3400,0.0
REG000401,2024-06-30,BAR005,COM007,4419,10.62,2408,3084,0.0
REG000402,2024-07-31,BAR006,COM001,5685,10.38,2527,4023,0.0
REG000403,2024-07-31,BAR006,COM002,8024,10.43,3377,5108,0.0
REG000404,2024-07-31,BAR006,COM004,4647,10.29,2117,3528,0.0
REG000405,2024-07-31,BAR007,COM010,5090,8.39,2266,3701,0.0
REG000406,2024-07-31,BAR007,COM011,6849,8.59,2953,4174,0.0
REG000407,2024-07-31,BAR008,COM024,10301,16.89,4391,6888,0.0
REG000408,2024-07-31,BAR008,COM025,6853,16.77,2790,4860,0.0
REG000409,2024-07-31,BAR008,COM009,90625,19.59,7641,107211,0.0
REG000410,2024-07-31,BAR002,COM020,21542,45.26,9319,18923,0.0
REG000411,2024-07-31,BAR002,COM022,13920,44.65,6133,10774,0.0
REG000412,2024-07-31,BAR002,COM008,158369,45.07,12507,238933,0.0
REG000413,2024-07-31,BAR003,COM023,198871,62.33,15303,374899,0.0
REG000414,2024-07-31,BAR003,COM021,20597,62.09,10104,16284,0.0
REG000415,2024-07-31,BAR004,COM013,6028,24.12,2796,5788,0.0
REG000416,2024-07-31,BAR004,COM014,3452,23.28,1874,3066,0.0
REG000417,2024-07-31,BAR004,COM016,6548,23.71,2800,4838,0.0
REG000418,2024-07-31,BAR004,COM023,160549,28.59,12814,228058,0.0
REG000419,2024-07-31,BAR001,COM017,6489,12.79,3023,4443,0.0
REG000420,2024-07-31,BAR001,COM018,4831,12.94,2357,3239,0.0
REG000421,2024-07-31,BAR001,COM019,11220,12.72,4899,7684,0.0
REG000422,2024-07-31,BAR005,COM003,4964,10.85,2533,3313,0.0
REG000423,2024-07-31,BAR005,COM007,4562,10.83,2317,3181,0.0
REG000424,2024-08-31,BAR006,COM001,5409,10.37,2233,3559,0.0
REG000425,2024-08-31,BAR006,COM002,8431,10.36,3508,5282,0.0
REG000426,2024-08-31,BAR006,COM004,4477,10.27,2094,3423,0.0
REG000427,2024-08-31,BAR007,COM010,5385,8.64,2040,3613,0.0
REG000428,2024-08-31,BAR007,COM011,6887,8.53,2828,4359,0.0
REG000429,2024-08-31,BAR008,COM024,11676,16.91,4748,7721,0.0
REG000430,2024-08-31,BAR008,COM025,6841,17.34,3510,4880,0.0
REG000431,2024-08-31,BAR008,COM009,79824,19.17,7603,99702,0.0
REG000432,2024-08-31,BAR002,COM020,22385,46.66,10571,19699,0.0
REG000433,2024-08-31,BAR002,COM022,13796,46.8,6785,10977,0.0
REG000434,2024-08-31,BAR002,COM008,148203,46.95,14427,234036,0.0
REG000435,2024-08-31,BAR003,COM023,194054,61.33,19566,367644,0.0
REG000436,2024-08-31,BAR003,COM021,21358,62.82,8436,16868,0.0
REG000437,2024-08-31,BAR004,COM013,6465,24.66,3123,5900,0.0
REG000438,2024-08-31,BAR004,COM014,3224,24.06,1370,3220,0.0
REG000439,2024-08-31,BAR004,COM016,5598,23.84,2642,4497,0.0
REG000440,2024-08-31,BAR004,COM023,149743,30.2,12172,224941,0.0
REG000441,2024-08-31,BAR001,COM017,6438,13.03,2960,4343,0.0
REG000442,2024-08-31,BAR001,COM018,5235,12.73,2178,3813,0.0
REG000443,2024-08-31,BAR001,COM019,10432,12.72,4609,7137,0.0
REG000444,2024-08-31,BAR001,COM015,76113,16.6,6143,81878,0.0
REG000445,2024-08-31,BAR005,COM003,4976,10.7,2244,3309,0.0
REG000446,2024-08-31,BAR005,COM007,4927,10.87,2437,3403,0.0
REG000447,2024-09-30,BAR006,COM001,5228,10.54,2305,3588,0.0
REG000448,2024-09-30,BAR006,COM002,8333,10.39,3873,5127,0.0
REG000449,2024-09-30,BAR006,COM004,4785,10.53,2057,3418,0.0
REG000450,2024-09-30,BAR007,COM010,5068,8.4,2351,3575,0.0
REG000451,2024-09-30,BAR007,COM011,6701,8.31,3008,4133,0.0
REG000452,2024-09-30,BAR008,COM024,10435,17.4,5397,6798,0.0
REG000453,2024-09-30,BAR008,COM025,7229,17.03,3121,5165,0.0
REG000454,2024-09-30,BAR008,COM009,86742,19.0,8078,104786,0.0
REG000455,2024-09-30,BAR002,COM020,22048,48.29,9267,19505,0.0
REG000456,2024-09-30,BAR002,COM022,14704,47.77,6794,11666,0.0
REG000457,2024-09-30,BAR002,COM008,150377,48.22,14857,239195,0.0
REG000458,2024-09-30,BAR003,COM023,226118,63.9,19652,402012,0.0
REG000459,2024-09-30,BAR003,COM021,22392,65.94,10719,17711,0.0
REG000460,2024-09-30,BAR004,COM013,5767,24.57,2211,5876,0.0
REG000461,2024-09-30,BAR004,COM014,3410,25.23,1344,3308,0.0
REG000462,2024-09-30,BAR004,COM016,5698,25.12,2774,4315,0.0
REG000463,2024-09-30,BAR004,COM023,146198,30.68,11382,222928,0.0
REG000464,2024-09-30,BAR001,COM017,5995,13.57,2378,4275,0.0
REG000465,2024-09-30,BAR001,COM018,4548,13.62,2349,3436,0.0
REG000466,2024-09-30,BAR001,COM019,10499,13.0,5227,7182,0.0
REG000467,2024-09-30,BAR001,COM015,73955,16.49,5920,78968,0.0
REG000468,2024-09-30,BAR005,COM003,5083,10.78,2239,3600,0.0
REG000469,2024-09-30,BAR005,COM007,4860,10.31,2006,3292,0.0
REG000470,2024-10-31,BAR006,COM001,5042,10.2,2607,3454,0.0
REG000471,2024-10-31,BAR006,COM002,8683,10.68,3833,5530,0.0
REG000472,2024-10-31,BAR006,COM004,4209,10.7,1922,3174,0.0
REG000473,2024-10-31,BAR007,COM010,4779,8.36,2352,3207,0.0
REG000474,2024-10-31,BAR007,COM011,6681,8.51,3208,4181,0.0
REG000475,2024-10-31,BAR008,COM024,11248,17.38,5038,7329,0.0
REG000476,2024-10-31,BAR008,COM025,7054,17.6,2847,4751,0.0
REG000477,2024-10-31,BAR008,COM009,90613,19.01,7195,107024,0.0
REG000478,2024-10-31,BAR002,COM020,21818,47.86,8548,19507,0.0
REG000479,2024-10-31,BAR002,COM022,14276,47.91,5972,11112,0.0
REG000480,2024-10-31,BAR002,COM008,162342,46.67,12170,245322,0.0
REG000481,2024-10-31,BAR003,COM023,210390,65.5,19300,395267,0.0
REG000482,2024-10-31,BAR003,COM021,20850,66.66,8269,16856,0.0
REG000483,2024-10-31,BAR004,COM013,5604,26.43,2349,5792,0.0
REG000484,2024-10-31,BAR004,COM014,2883,25.36,1160,3224,0.0
REG000485,2024-10-31,BAR004,COM016,4696,26.72,2591,3764,0.0
REG000486,2024-10-31,BAR004,COM023,162484,32.34,12626,242884,0.0
REG000487,2024-10-31,BAR001,COM017,5275,14.14,2535,3832,0.0
REG000488,2024-10-31,BAR001,COM018,4726,13.63,2241,3449,0.0
REG000489,2024-10-31,BAR001,COM019,10223,13.86,4841,6970,0.0
REG000490,2024-10-31,BAR001,COM015,79409,17.2,5943,85034,0.0
REG000491,2024-10-31,BAR005,COM003,4896,10.34,2216,3222,0.0
REG000492,2024-10-31,BAR005,COM007,4730,10.67,2246,3297,0.0
REG000493,2024-11-30,BAR006,COM001,5299,10.33,2282,3854,0.0
REG000494,2024-11-30,BAR006,COM002,8150,10.66,4216,5123,0.0
REG000495,2024-11-30,BAR006,COM004,4769,10.16,2205,3414,0.0
REG000496,2024-11-30,BAR007,COM010,4635,8.62,2004,3361,0.0
REG000497,2024-11-30,BAR007,COM011,6836,8.52,2587,4140,0.0
REG000498,2024-11-30,BAR008,COM024,11867,16.84,4665,7754,0.0
REG000499,2024-11-30,BAR008,COM025,7135,17.54,2892,4888,0.0
REG000500,2024-11-30,BAR008,COM009,90896,19.45,7587,107512,0.0
REG000501,2024-11-30,BAR002,COM020,22319,47.75,8832,19658,0.0
REG000502,2024-11-30,BAR002,COM022,15796,49.67,5817,12380,0.0
REG000503,2024-11-30,BAR002,COM008,159928,48.55,13994,249063,0.0
REG000504,2024-11-30,BAR003,COM023,220394,67.77,20244,410739,0.0
REG000505,2024-11-30,BAR003,COM021,19917,66.14,9351,16316,0.0
REG000506,2024-11-30,BAR004,COM013,5266,26.63,2249,5676,0.0
REG000507,2024-11-30,BAR004,COM014,2948,27.06,1372,3326,0.0
REG000508,2024-11-30,BAR004,COM016,4440,26.54,2180,3684,0.0
REG000509,2024-11-30,BAR004,COM023,167634,33.63,13661,249644,0.0
REG000510,2024-11-30,BAR001,COM017,4698,13.95,2398,3622,0.0
REG000511,2024-11-30,BAR001,COM018,4350,13.88,1923,3282,0.0
REG000512,2024-11-30,BAR001,COM019,9947,14.13,4780,7049,0.15
REG000513,2024-11-30,BAR001,COM015,85219,17.17,6286,89949,0.0
REG000514,2024-11-30,BAR005,COM003,5002,11.0,2758,3372,0.0
REG000515,2024-11-30,BAR005,COM007,4780,10.49,1972,3357,0.0
REG000516,2024-12-31,BAR006,COM001,6821,10.42,3016,4533,0.0
REG000517,2024-12-31,BAR006,COM002,10039,10.51,4543,6188,0.0
REG000518,2024-12-31,BAR006,COM004,5818,10.48,2160,4264,0.0
REG000519,2024-12-31,BAR007,COM010,5892,8.54,3074,3992,0.0
REG000520,2024-12-31,BAR007,COM011,7467,8.46,3297,4766,0.0
REG000521,2024-12-31,BAR008,COM024,13320,17.02,6281,8494,0.0
REG000522,2024-12-31,BAR008,COM025,8602,17.38,3578,5822,0.0
REG000523,2024-12-31,BAR008,COM009,102840,20.2,9410,119508,0.0
REG000524,2024-12-31,BAR002,COM020,26204,48.31,12436,22076,0.0
REG000525,2024-12-31,BAR002,COM022,18383,49.26,7270,13779,0.0
REG000526,2024-12-31,BAR002,COM008,200567,47.99,16549,277484,0.0
REG000527,2024-12-31,BAR003,COM023,279061,68.51,23966,459981,0.0
REG000528,2024-12-31,BAR003,COM021,26870,66.74,11275,20166,0.0
REG000529,2024-12-31,BAR004,COM013,4667,27.69,1807,5406,0.0
REG000530,2024-12-31,BAR004,COM014,2633,27.87,1233,2997,0.0
REG000531,2024-12-31,BAR004,COM016,4446,27.08,1707,3840,0.0
REG000532,2024-12-31,BAR004,COM023,204450,33.11,14758,277982,0.0
REG000533,2024-12-31,BAR001,COM017,4796,14.93,2186,3497,0.0
REG000534,2024-12-31,BAR001,COM018,3584,14.3,1517,2782,0.0
REG000535,2024-12-31,BAR001,COM019,9202,14.48,4755,6468,0.15
REG000536,2024-12-31,BAR001,COM015,96863,18.75,7763,99504,0.0
REG000537,2024-12-31,BAR005,COM003,6764,10.81,3073,4487,0.0
REG000538,2024-12-31,BAR005,COM007,5280,10.64,2767,3491,0.0
REG000539,2025-01-31,BAR006,COM001,4524,10.32,1934,3252,0.0
REG000540,2025-01-31,BAR006,COM002,8192,10.57,3491,5318,0.0
REG000541,2025-01-31,BAR006,COM004,4078,10.24,1621,3041,0.0
REG000542,2025-01-31,BAR007,COM010,4797,8.59,2279,3186,0.0
REG000543,2025-01-31,BAR007,COM011,6353,8.81,2358,4013,0.0
REG000544,2025-01-31,BAR008,COM024,10851,17.28,3968,7403,0.0
REG000545,2025-01-31,BAR008,COM025,6385,17.69,2862,4514,0.0
REG000546,2025-01-31,BAR008,COM009,76519,19.67,5885,97760,0.0
REG000547,2025-01-31,BAR002,COM020,21036,49.53,8692,19401,0.0
REG000548,2025-01-31,BAR002,COM022,14416,50.71,5421,11525,0.0
REG000549,2025-01-31,BAR002,COM008,137950,49.84,14141,234878,0.0
REG000550,2025-01-31,BAR003,COM023,206233,70.93,15689,410910,0.0
REG000551,2025-01-31,BAR003,COM021,17774,68.11,9453,15380,0.0
REG000552,2025-01-31,BAR004,COM014,2361,29.64,1095,2905,0.0
REG000553,2025-01-31,BAR004,COM016,4229,28.16,1975,3799,0.0
REG000554,2025-01-31,BAR004,COM023,148490,34.41,13036,237565,0.0
REG000555,2025-01-31,BAR001,COM017,4320,15.22,2044,3333,0.0
REG000556,2025-01-31,BAR001,COM018,3234,14.83,1408,2541,0.0
REG000557,2025-01-31,BAR001,COM019,8726,14.73,3923,6257,0.15
REG000558,2025-01-31,BAR001,COM015,71267,18.23,6126,79172,0.0
REG000559,2025-01-31,BAR005,COM003,5434,10.63,2135,3561,0.0
REG000560,2025-01-31,BAR005,COM007,4739,10.48,2056,3328,0.0
REG000561,2025-01-31,BAR005,COM008,111418,14.57,9673,124670,0.0
REG000562,2025-02-28,BAR006,COM001,5150,10.44,2395,3599,0.0
REG000563,2025-02-28,BAR006,COM002,8623,10.51,3442,5404,0.0
REG000564,2025-02-28,BAR006,COM004,4340,10.4,1793,3361,0.0
REG000565,2025-02-28,BAR007,COM010,4779,8.42,2347,3271,0.0
REG000566,2025-02-28,BAR007,COM011,6444,8.68,3415,4156,0.0
REG000567,2025-02-28,BAR008,COM024,11017,17.89,4880,7487,0.0
REG000568,2025-02-28,BAR008,COM025,6435,17.37,3547,4747,0.0
REG000569,2025-02-28,BAR008,COM009,87901,20.7,6872,108760,0.0
REG000570,2025-02-28,BAR002,COM020,22778,50.76,9412,20472,0.0
REG000571,2025-02-28,BAR002,COM022,14621,51.75,6256,11662,0.0
REG000572,2025-02-28,BAR002,COM008,168419,51.06,12283,261108,0.0
REG000573,2025-02-28,BAR003,COM023,224111,72.2,19537,429429,0.0
REG000574,2025-02-28,BAR003,COM021,21272,69.41,10376,17282,0.0
REG000575,2025-02-28,BAR004,COM014,2366,29.72,1125,2938,0.0
REG000576,2025-02-28,BAR004,COM016,3696,30.17,1822,3625,0.0
REG000577,2025-02-28,BAR004,COM023,149862,37.6,14564,250450,0.0
REG000578,2025-02-28,BAR001,COM017,3916,15.85,1725,3291,0.0
REG000579,2025-02-28,BAR001,COM018,3400,15.33,1496,2864,0.0
REG000580,2025-02-28,BAR001,COM019,9192,15.07,4133,6668,0.15
REG000581,2025-02-28,BAR001,COM015,78974,19.49,7056,86076,0.0
REG000582,2025-02-28,BAR005,COM003,5419,10.95,2743,3710,0.0
REG000583,2025-02-28,BAR005,COM007,4485,10.69,2350,2937,0.0
REG000584,2025-02-28,BAR005,COM008,116153,14.94,9681,130099,0.0
REG000585,2025-03-31,BAR006,COM001,5381,10.77,2449,3779,0.0
REG000586,2025-03-31,BAR006,COM002,8507,10.29,3965,5180,0.0
REG000587,2025-03-31,BAR006,COM004,4863,10.35,2006,3771,0.0
REG000588,2025-03-31,BAR007,COM010,4877,8.61,2040,3295,0.0
REG000589,2025-03-31,BAR007,COM011,6610,8.61,3000,4203,0.0
REG000590,2025-03-31,BAR008,COM024,10987,17.97,4879,7177,0.0
REG000591,2025-03-31,BAR008,COM025,7008,17.83,3438,4769,0.0
REG000592,2025-03-31,BAR008,COM009,87577,19.9,8714,105450,0.0
REG000593,2025-03-31,BAR002,COM020,23828,50.72,10272,20975,0.0
REG000594,2025-03-31,BAR002,COM022,15313,51.33,6163,11870,0.0
REG000595,2025-03-31,BAR002,COM008,160228,51.83,14512,256330,0.0
REG000596,2025-03-31,BAR003,COM023,214405,72.64,19901,424093,0.0
REG000597,2025-03-31,BAR003,COM021,20236,73.15,8534,16790,0.0
REG000598,2025-03-31,BAR004,COM014,2098,30.49,910,2971,0.0
REG000599,2025-03-31,BAR004,COM016,3684,31.11,1652,3615,0.0
REG000600,2025-03-31,BAR004,COM023,158167,38.59,13861,260669,0.0
REG000601,2025-03-31,BAR001,COM018,3104,15.73,1494,2603,0.0
REG000602,2025-03-31,BAR001,COM019,8213,15.56,3471,5984,0.15
REG000603,2025-03-31,BAR001,COM015,83852,19.91,6133,91133,0.0
REG000604,2025-03-31,BAR005,COM003,5094,11.08,2103,3488,0.1
REG000605,2025-03-31,BAR005,COM007,4363,11.63,2050,3012,0.0
REG000606,2025-03-31,BAR005,COM008,109904,15.07,9687,125302,0.0
REG000607,2025-04-30,BAR006,COM001,5364,10.31,2160,3568,0.0
REG000608,2025-04-30,BAR006,COM002,9380,10.63,4344,5829,0.0
REG000609,2025-04-30,BAR006,COM004,4477,10.84,2177,3408,0.0
REG000610,2025-04-30,BAR007,COM010,4656,8.79,2001,3217,0.0
REG000611,2025-04-30,BAR007,COM011,6689,8.48,2818,4148,0.0
REG000612,2025-04-30,BAR008,COM024,11868,17.79,5551,7651,0.0
REG000613,2025-04-30,BAR008,COM025,7162,18.08,2757,4945,0.0
REG000614,2025-04-30,BAR008,COM009,85298,20.73,8413,105939,0.0
REG000615,2025-04-30,BAR002,COM020,20891,53.35,11631,19893,0.0
REG000616,2025-04-30,BAR002,COM022,16237,52.16,6419,12560,0.0
REG000617,2025-04-30,BAR002,COM008,168409,53.87,15518,268585,0.0
REG000618,2025-04-30,BAR003,COM023,239016,73.23,17477,444438,0.0
REG000619,2025-04-30,BAR003,COM021,22204,71.39,10508,17722,0.0
REG000620,2025-04-30,BAR004,COM014,1883,31.17,819,2678,0.0
REG000621,2025-04-30,BAR004,COM016,3391,31.68,1431,3513,0.0
REG000622,2025-04-30,BAR004,COM023,157326,39.97,12756,265580,0.0
REG000623,2025-04-30,BAR001,COM018,2599,16.85,1331,2433,0.0
REG000624,2025-04-30,BAR001,COM019,9129,16.76,4329,6512,0.15
REG000625,2025-04-30,BAR001,COM015,78546,20.76,7567,88834,0.0
REG000626,2025-04-30,BAR005,COM003,5257,11.56,2506,3569,0.1
REG000627,2025-04-30,BAR005,COM007,3953,11.54,1695,2816,0.0
REG000628,2025-04-30,BAR005,COM008,109786,15.64,10901,126289,0.0
REG000629,2025-05-31,BAR006,COM001,5383,10.95,2826,3684,0.0
REG000630,2025-05-31,BAR006,COM002,9124,10.81,3380,5788,0.0
REG000631,2025-05-31,BAR006,COM004,4666,10.57,2041,3325,0.0
REG000632,2025-05-31,BAR007,COM010,4811,8.64,2314,3262,0.0
REG000633,2025-05-31,BAR007,COM011,7012,8.59,2818,4376,0.0
REG000634,2025-05-31,BAR008,COM024,11391,17.66,5293,7609,0.0
REG000635,2025-05-31,BAR008,COM025,6433,18.13,2701,4583,0.0
REG000636,2025-05-31,BAR008,COM009,98096,20.55,6860,114506,0.0
REG000637,2025-05-31,BAR002,COM020,21354,53.7,11592,19952,0.0
REG000638,2025-05-31,BAR002,COM022,14272,54.48,7170,11600,0.0
REG000639,2025-05-31,BAR002,COM008,164907,52.69,14977,263160,0.0
REG000640,2025-05-31,BAR003,COM023,226607,73.29,17275,435667,0.0
REG000641,2025-05-31,BAR003,COM021,22417,75.06,9149,18059,0.0
REG000642,2025-05-31,BAR004,COM016,2966,32.59,1422,3306,0.0
REG000643,2025-05-31,BAR004,COM023,169871,41.27,11705,279920,0.0
REG000644,2025-05-31,BAR001,COM018,2420,16.46,1141,2160,0.0
REG000645,2025-05-31,BAR001,COM019,7686,16.7,3989,6015,0.15
REG000646,2025-05-31,BAR001,COM015,85916,21.43,6112,93996,0.0
REG000647,2025-05-31,BAR005,COM003,4748,11.88,2627,3071,0.1
REG000648,2025-05-31,BAR005,COM007,3731,12.02,1789,2703,0.0
REG000649,2025-05-31,BAR005,COM008,116583,16.19,8823,134129,0.0
REG000650,2025-06-30,BAR006,COM001,5157,10.85,2194,3660,0.0
REG000651,2025-06-30,BAR006,COM002,9398,10.57,3838,5694,0.0
REG000652,2025-06-30,BAR006,COM004,4253,10.72,1932,3322,0.0
REG000653,2025-06-30,BAR007,COM010,5269,8.79,2366,3776,0.0
REG000654,2025-06-30,BAR007,COM011,6463,8.7,3178,4049,0.0
REG000655,2025-06-30,BAR008,COM024,11078,17.43,5592,7510,0.0
REG000656,2025-06-30,BAR008,COM025,6882,17.5,3557,4819,0.0
REG000657,2025-06-30,BAR008,COM009,93952,21.39,8013,114758,0.0
REG000658,2025-06-30,BAR002,COM020,21207,55.07,11576,20251,0.0
REG000659,2025-06-30,BAR002,COM022,15600,54.75,6611,12620,0.0
REG000660,2025-06-30,BAR002,COM008,160069,52.5,15629,257628,0.0
REG000661,2025-06-30,BAR003,COM023,216795,76.8,16750,439913,0.0
REG000662,2025-06-30,BAR003,COM021,22008,75.11,10387,18118,0.0
REG000663,2025-06-30,BAR004,COM016,2963,34.54,1171,3222,0.0
REG000664,2025-06-30,BAR004,COM023,166334,41.17,13047,276451,0.0
REG000665,2025-06-30,BAR001,COM018,2337,17.54,1093,2333,0.0
REG000666,2025-06-30,BAR001,COM019,7409,17.61,3815,5875,0.15
REG000667,2025-06-30,BAR001,COM015,76950,21.21,7617,87341,0.0
REG000668,2025-06-30,BAR005,COM003,5047,12.02,2223,3533,0.1
REG000669,2025-06-30,BAR005,COM007,3326,12.31,1726,2517,0.0
REG000670,2025-06-30,BAR005,COM008,127713,16.44,8922,143282,0.0
REG000671,2025-07-31,BAR006,COM001,5227,10.48,2675,3758,0.0
REG000672,2025-07-31,BAR006,COM002,9300,10.9,3705,5608,0.0
REG000673,2025-07-31,BAR006,COM004,4399,10.44,2266,3430,0.0
REG000674,2025-07-31,BAR007,COM010,4707,8.68,2347,3266,0.0
REG000675,2025-07-31,BAR007,COM011,6760,8.64,3040,4110,0.0
REG000676,2025-07-31,BAR008,COM024,11623,18.24,4599,7587,0.0
REG000677,2025-07-31,BAR008,COM025,6398,18.39,3145,4489,0.0
REG000678,2025-07-31,BAR008,COM009,92511,20.52,7789,111956,0.0
REG000679,2025-07-31,BAR002,COM020,22838,56.07,11398,21367,0.0
REG000680,2025-07-31,BAR002,COM022,14783,54.43,6749,12056,0.0
REG000681,2025-07-31,BAR002,COM008,163386,54.29,13599,265170,0.0
REG000682,2025-07-31,BAR003,COM023,223885,78.25,22037,451468,0.0
REG000683,2025-07-31,BAR003,COM021,20609,76.69,11432,17299,0.0
REG000684,2025-07-31,BAR004,COM016,2678,35.61,1381,3000,0.0
REG000685,2025-07-31,BAR004,COM023,169070,42.87,12694,284165,0.0
REG000686,2025-07-31,BAR001,COM019,7836,17.91,3472,6151,0.15
REG000687,2025-07-31,BAR001,COM015,88642,22.75,6307,97931,0.0
REG000688,2025-07-31,BAR005,COM003,4816,12.26,1892,3255,0.1
REG000689,2025-07-31,BAR005,COM007,3530,12.8,1667,2362,0.0
REG000690,2025-07-31,BAR005,COM008,126611,17.05,10464,142589,0.0
REG000691,2025-08-31,BAR006,COM001,5300,10.75,2537,3522,0.0
REG000692,2025-08-31,BAR006,COM002,9064,10.49,4579,5820,0.0
REG000693,2025-08-31,BAR006,COM004,4589,10.88,2327,3425,0.0
REG000694,2025-08-31,BAR007,COM010,4718,8.51,2624,3173,0.0
REG000695,2025-08-31,BAR007,COM011,6246,8.76,3339,3902,0.0
REG000696,2025-08-31,BAR008,COM024,11036,17.83,5966,7276,0.0
REG000697,2025-08-31,BAR008,COM025,7137,18.35,3427,4923,0.0
REG000698,2025-08-31,BAR008,COM009,88564,20.75,7377,108989,0.0
REG000699,2025-08-31,BAR002,COM020,21505,54.41,10608,20275,0.0
REG000700,2025-08-31,BAR002,COM022,15366,57.08,6749,12344,0.0
REG000701,2025-08-31,BAR002,COM008,170318,54.26,13899,269813,0.0
REG000702,2025-08-31,BAR003,COM023,251296,79.16,21012,474151,0.0
REG000703,2025-08-31,BAR003,COM021,21655,76.31,11142,17832,0.0
REG000704,2025-08-31,BAR004,COM016,2581,37.13,1120,3108,0.0
REG000705,2025-08-31,BAR004,COM023,156044,44.65,16127,279893,0.0
REG000706,2025-08-31,BAR001,COM019,7191,18.42,3658,5850,0.15
REG000707,2025-08-31,BAR001,COM015,77261,23.53,6229,91464,0.0
REG000708,2025-08-31,BAR005,COM003,5062,12.67,1945,3516,0.1
REG000709,2025-08-31,BAR005,COM007,3170,12.59,1484,2483,0.0
REG000710,2025-08-31,BAR005,COM008,112339,17.66,8619,133661,0.0
REG000711,2025-09-30,BAR006,COM001,5902,11.0,2239,3973,0.0
REG000712,2025-09-30,BAR006,COM002,8721,10.57,3441,5496,0.0
REG000713,2025-09-30,BAR006,COM004,4506,10.48,2284,3480,0.0
REG000714,2025-09-30,BAR007,COM010,4828,8.58,2073,3296,0.0
REG000715,2025-09-30,BAR007,COM011,6215,8.8,3403,3810,0.0
REG000716,2025-09-30,BAR008,COM024,11393,18.24,4929,7393,0.0
REG000717,2025-09-30,BAR008,COM025,6526,17.85,2941,4792,0.0
REG000718,2025-09-30,BAR008,COM009,97795,21.68,8044,117893,0.0
REG000719,2025-09-30,BAR002,COM020,23906,55.88,11923,21848,0.0
REG000720,2025-09-30,BAR002,COM022,16352,56.37,6940,12913,0.0
REG000721,2025-09-30,BAR002,COM008,173562,55.41,13464,276694,0.0
REG000722,2025-09-30,BAR003,COM023,224621,81.99,21823,464228,0.0
REG000723,2025-09-30,BAR003,COM021,24193,81.91,10998,19589,0.0
REG000724,2025-09-30,BAR004,COM023,163698,47.36,14837,296278,0.0
REG000725,2025-09-30,BAR001,COM019,7844,18.69,2863,6248,0.15
REG000726,2025-09-30,BAR001,COM015,82349,24.25,7652,96022,0.0
REG000727,2025-09-30,BAR005,COM003,4811,13.33,1945,3425,0.1
REG000728,2025-09-30,BAR005,COM007,2719,13.25,1503,2305,0.0
REG000729,2025-09-30,BAR005,COM008,122827,17.34,10326,142131,0.0
REG000730,2025-10-31,BAR006,COM001,5547,10.69,2813,3828,0.0
REG000731,2025-10-31,BAR006,COM002,8409,10.64,3502,5307,0.0
REG000732,2025-10-31,BAR006,COM004,4900,10.62,1775,3484,0.0
REG000733,2025-10-31,BAR007,COM010,5403,8.94,2451,3648,0.0
REG000734,2025-10-31,BAR007,COM011,6822,8.98,2620,4359,0.0
REG000735,2025-10-31,BAR008,COM024,12259,18.78,5816,8024,0.0
REG000736,2025-10-31,BAR008,COM025,6827,17.84,3574,4724,0.0
REG000737,2025-10-31,BAR008,COM009,91266,22.04,7168,113443,0.0
REG000738,2025-10-31,BAR002,COM020,23537,56.09,11893,21846,0.0
REG000739,2025-10-31,BAR002,COM022,16457,58.19,7406,13022,0.0
REG000740,2025-10-31,BAR002,COM008,171152,56.54,15445,277225,0.0
REG000741,2025-10-31,BAR003,COM023,253546,83.26,18103,492073,0.0
REG000742,2025-10-31,BAR003,COM021,24319,83.34,9911,19738,0.0
REG000743,2025-10-31,BAR004,COM023,182958,49.45,14723,317224,0.0
REG000744,2025-10-31,BAR001,COM019,7541,19.16,3267,6078,0.15
REG000745,2025-10-31,BAR001,COM015,91359,23.99,6512,102818,0.0
REG000746,2025-10-31,BAR005,COM003,4826,13.53,1860,3514,0.1
REG000747,2025-10-31,BAR005,COM008,117851,17.84,10040,137659,0.0
REG000748,2025-11-30,BAR006,COM001,5216,10.53,2345,3597,0.0
REG000749,2025-11-30,BAR006,COM002,9453,11.1,4276,5884,0.0
REG000750,2025-11-30,BAR006,COM004,4636,10.59,2015,3476,0.0
REG000751,2025-11-30,BAR007,COM010,5191,8.87,2555,3463,0.0
REG000752,2025-11-30,BAR007,COM011,7115,8.67,2672,4331,0.0
REG000753,2025-11-30,BAR008,COM024,10833,18.0,6000,7198,0.0
REG000754,2025-11-30,BAR008,COM025,7009,18.8,3382,4781,0.0
REG000755,2025-11-30,BAR008,COM009,99100,21.61,8339,117257,0.0
REG000756,2025-11-30,BAR002,COM020,21865,59.42,11895,21101,0.0
REG000757,2025-11-30,BAR002,COM022,14734,56.98,6187,12186,0.0
REG000758,2025-11-30,BAR002,COM008,189044,57.25,16206,292142,0.0
REG000759,2025-11-30,BAR003,COM023,229689,82.89,19003,471952,0.0
REG000760,2025-11-30,BAR003,COM021,22167,82.18,9234,18573,0.0
REG000761,2025-11-30,BAR004,COM023,175552,48.89,15098,309097,0.0
REG000762,2025-11-30,BAR001,COM019,6609,19.66,2801,5645,0.15
REG000763,2025-11-30,BAR001,COM015,83922,25.19,6701,98009,0.0
REG000764,2025-11-30,BAR005,COM003,4632,13.49,1834,3406,0.1
REG000765,2025-11-30,BAR005,COM008,122238,18.31,9873,143050,0.0
REG000766,2025-12-31,BAR006,COM001,6444,10.6,2791,4422,0.0
REG000767,2025-12-31,BAR006,COM002,9862,10.78,5042,6117,0.0
REG000768,2025-12-31,BAR006,COM004,5613,10.92,2870,4178,0.0
REG000769,2025-12-31,BAR007,COM010,6010,8.81,3032,4192,0.0
REG000770,2025-12-31,BAR007,COM011,8602,8.78,3657,5055,0.0
REG000771,2025-12-31,BAR008,COM024,14472,18.46,7128,9435,0.0
REG000772,2025-12-31,BAR008,COM025,8602,18.59,4144,5659,0.0
REG000773,2025-12-31,BAR008,COM009,111568,22.44,10567,130359,0.0
REG000774,2025-12-31,BAR002,COM020,26196,58.66,13837,23702,0.0
REG000775,2025-12-31,BAR002,COM022,20111,59.39,8303,15355,0.0
REG000776,2025-12-31,BAR002,COM008,235515,60.4,17078,335835,0.0
REG000777,2025-12-31,BAR003,COM023,295659,83.14,24208,523156,0.0
REG000778,2025-12-31,BAR003,COM021,29005,85.46,12284,22711,0.0
REG000779,2025-12-31,BAR004,COM023,206308,51.26,17534,341626,0.0
REG000780,2025-12-31,BAR001,COM019,6906,21.32,3094,5973,0.15
REG000781,2025-12-31,BAR001,COM015,96425,25.63,8744,108038,0.0
REG000782,2025-12-31,BAR005,COM003,4466,14.0,1963,3170,0.1
REG000783,2025-12-31,BAR005,COM008,137978,18.78,12823,155860,0.0
