id_transaccion,fecha,id_fruta,id_pais,toneladas,precio_usd_tonelada,valor_fob_usd
EXP-2025-0001,2025-10-16,FRU-001,PAI-001,113.82,2302.04,262018.19
EXP-2024-0002,2024-05-22,FRU-006,PAI-001,104.74,1275.3,133574.92
EXP-2024-0003,2024-03-30,FRU-005,PAI-004,14.45,3365.97,48638.27
EXP-2024-0004,2024-08-26,FRU-005,PAI-005,13.72,3426.53,47011.99
EXP-2025-0005,2025-10-27,FRU-006,PAI-005,68.73,1190.25,81805.88
EXP-2024-0006,2024-10-11,FRU-007,PAI-007,10.91,944.04,10299.48
EXP-2025-0007,2025-12-15,FRU-004,PAI-003,48.9,4963.14,242697.55
EXP-2024-0008,2024-12-10,FRU-001,PAI-001,63.19,2345.85,148234.26
EXP-2024-0009,2024-12-18,FRU-005,PAI-003,123.0,3732.33,459076.59
EXP-2025-0010,2025-07-03,FRU-001,PAI-004,21.03,2320.58,48801.8
EXP-2025-0011,2025-10-05,FRU-005,PAI-007,60.63,3422.76,207521.94
EXP-2024-0012,2024-03-12,FRU-001,PAI-006,41.91,2319.12,97194.32
EXP-2024-0013,2024-03-22,FRU-007,PAI-002,131.31,882.74,115912.59
EXP-2025-0014,2025-04-09,FRU-006,PAI-007,61.08,1175.07,71773.28
EXP-2024-0015,2024-08-02,FRU-006,PAI-003,108.25,1235.24,133714.73
EXP-2024-0016,2024-03-14,FRU-005,PAI-006,33.96,3731.98,126738.04
EXP-2024-0017,2024-06-16,FRU-004,PAI-004,47.79,5553.93,265422.31
EXP-2025-0018,2025-12-05,FRU-005,PAI-002,105.85,3797.48,401963.26
EXP-2024-0019,2024-02-27,FRU-002,PAI-007,14.49,1455.71,21093.24
EXP-2024-0020,2024-10-01,FRU-001,PAI-002,137.84,2425.8,334372.27
EXP-2024-0021,2024-11-18,FRU-002,PAI-006,79.89,1592.32,127210.44
EXP-2025-0022,2025-10-20,FRU-004,PAI-002,47.08,4989.19,234891.07
EXP-2025-0023,2025-07-28,FRU-005,PAI-003,114.58,3558.78,407765.01
EXP-2025-0024,2025-08-20,FRU-004,PAI-003,40.7,5613.95,228487.77
EXP-2025-0025,2025-06-05,FRU-004,PAI-001,115.81,5500.44,637005.96
EXP-2024-0026,2024-06-05,FRU-006,PAI-002,120.89,1185.05,143260.69
EXP-2024-0027,2024-03-06,FRU-004,PAI-004,93.42,5173.42,483300.9
EXP-2024-0028,2024-09-14,FRU-005,PAI-007,141.94,3703.84,525723.05
EXP-2024-0029,2024-04-27,FRU-006,PAI-005,115.12,1251.57,144080.74
EXP-2024-0030,2024-12-14,FRU-001,PAI-003,70.87,2382.23,168828.64
EXP-2024-0031,2024-09-26,FRU-005,PAI-007,35.01,3837.67,134356.83
EXP-2025-0032,2025-10-02,FRU-003,PAI-007,99.45,763.08,75888.31
EXP-2024-0033,2024-06-05,FRU-003,PAI-007,32.62,804.42,26240.18
EXP-2025-0034,2025-06-27,FRU-001,PAI-005,55.38,2215.48,122693.28
EXP-2025-0035,2025-01-06,FRU-007,PAI-007,53.05,836.34,44367.84
EXP-2025-0036,2025-08-03,FRU-001,PAI-001,112.47,2521.35,283576.23
EXP-2025-0037,2025-06-29,FRU-007,PAI-002,27.97,896.44,25073.43
EXP-2025-0038,2025-07-16,FRU-002,PAI-003,83.87,1525.58,127950.39
EXP-2024-0039,2024-08-04,FRU-005,PAI-007,112.19,3427.86,384571.61
EXP-2024-0040,2024-11-15,FRU-004,PAI-006,100.98,5148.5,519895.53
EXP-2025-0041,2025-06-13,FRU-004,PAI-001,44.71,4837.27,216274.34
EXP-2024-0042,2024-01-22,FRU-005,PAI-005,42.22,3438.85,145188.25
EXP-2024-0043,2024-03-13,FRU-006,PAI-006,18.24,1116.94,20372.99
EXP-2024-0044,2024-02-02,FRU-007,PAI-003,19.92,862.27,17176.42
EXP-2025-0045,2025-11-16,FRU-004,PAI-002,85.49,5385.83,460434.61
EXP-2025-0046,2025-08-07,FRU-005,PAI-004,44.02,3584.43,157786.61
EXP-2025-0047,2025-02-20,FRU-002,PAI-001,23.57,1483.45,34964.92
EXP-2025-0048,2025-03-09,FRU-004,PAI-004,130.94,4829.07,632318.43
EXP-2025-0049,2025-10-31,FRU-006,PAI-001,18.49,1243.82,22998.23
EXP-2024-0050,2024-04-21,FRU-002,PAI-002,36.63,1487.67,54493.35
EXP-2025-0051,2025-03-08,FRU-002,PAI-003,74.77,1589.88,118875.33
EXP-2024-0052,2024-03-18,FRU-004,PAI-007,130.59,5241.87,684535.8
EXP-2024-0053,2024-02-21,FRU-006,PAI-005,127.04,1290.05,163887.95
EXP-2024-0054,2024-08-30,FRU-002,PAI-004,77.99,1431.3,111627.09
EXP-2025-0055,2025-02-14,FRU-001,PAI-002,63.06,2586.36,163095.86
EXP-2024-0056,2024-09-28,FRU-007,PAI-007,73.7,888.91,65512.67
EXP-2025-0057,2025-07-23,FRU-006,PAI-006,78.13,1140.46,89104.14
EXP-2024-0058,2024-08-10,FRU-001,PAI-005,113.0,2231.41,252149.33
EXP-2024-0059,2024-11-17,FRU-001,PAI-001,91.78,2401.09,220372.04
EXP-2025-0060,2025-06-27,FRU-002,PAI-001,144.51,1399.23,202202.73
EXP-2024-0061,2024-07-09,FRU-001,PAI-005,19.51,2538.94,49534.72
EXP-2025-0062,2025-02-17,FRU-001,PAI-005,44.47,2436.3,108342.26
EXP-2025-0063,2025-09-26,FRU-001,PAI-004,102.03,2425.05,247427.85
EXP-2024-0064,2024-11-19,FRU-003,PAI-002,103.76,727.7,75506.15
EXP-2024-0065,2024-09-28,FRU-004,PAI-002,104.04,5033.6,523695.74
EXP-2024-0066,2024-11-19,FRU-007,PAI-001,11.3,917.45,10367.19
EXP-2025-0067,2025-07-30,FRU-001,PAI-001,85.27,2402.26,204840.71
EXP-2024-0068,2024-05-15,FRU-003,PAI-001,133.1,734.34,97740.65
EXP-2024-0069,2024-06-10,FRU-004,PAI-007,86.05,5035.69,433321.12
EXP-2025-0070,2025-10-31,FRU-005,PAI-001,103.5,3631.45,375855.07
EXP-2025-0071,2025-11-10,FRU-001,PAI-002,47.03,2549.65,119910.04
EXP-2025-0072,2025-07-20,FRU-002,PAI-003,49.45,1430.55,70740.7
EXP-2024-0073,2024-12-17,FRU-002,PAI-006,98.79,1443.36,142589.53
EXP-2025-0074,2025-05-15,FRU-003,PAI-007,17.11,766.11,13108.14
EXP-2024-0075,2024-10-10,FRU-001,PAI-001,56.7,2258.23,128041.64
EXP-2024-0076,2024-09-25,FRU-002,PAI-006,71.86,1549.36,111337.01
EXP-2025-0077,2025-07-28,FRU-001,PAI-001,20.53,2547.11,52292.17
EXP-2024-0078,2024-06-01,FRU-005,PAI-001,126.84,3647.53,462652.71
EXP-2024-0079,2024-05-31,FRU-004,PAI-002,15.86,5087.39,80686.01
EXP-2024-0080,2024-02-10,FRU-003,PAI-002,105.49,770.03,81230.46
EXP-2024-0081,2024-12-28,FRU-007,PAI-005,133.78,886.52,118598.65
EXP-2025-0082,2025-09-27,FRU-006,PAI-002,139.61,1149.45,160474.71
EXP-2024-0083,2024-06-15,FRU-007,PAI-007,34.79,887.37,30871.6
EXP-2024-0084,2024-07-02,FRU-006,PAI-003,119.53,1183.05,141409.97
EXP-2025-0085,2025-11-16,FRU-007,PAI-006,123.5,866.42,107002.87
EXP-2025-0086,2025-12-19,FRU-001,PAI-004,132.1,2537.7,335230.17
EXP-2024-0087,2024-08-15,FRU-002,PAI-007,138.58,1463.92,202870.03
EXP-2024-0088,2024-08-21,FRU-002,PAI-001,102.4,1475.63,151104.51
EXP-2024-0089,2024-10-12,FRU-007,PAI-001,145.36,868.19,126200.1
EXP-2025-0090,2025-10-18,FRU-005,PAI-004,105.13,3797.95,399278.48
EXP-2024-0091,2024-12-05,FRU-001,PAI-001,132.79,2308.31,306520.48
EXP-2025-0092,2025-08-17,FRU-003,PAI-001,25.18,742.15,18687.34
EXP-2024-0093,2024-11-17,FRU-004,PAI-005,147.79,4880.22,721247.71
EXP-2025-0094,2025-08-13,FRU-002,PAI-003,16.21,1484.65,24066.18
EXP-2025-0095,2025-06-16,FRU-007,PAI-005,106.16,963.4,102274.54
EXP-2025-0096,2025-11-17,FRU-002,PAI-003,70.38,1607.73,113152.04
EXP-2024-0097,2024-12-04,FRU-005,PAI-003,102.87,3383.78,348089.45
EXP-2024-0098,2024-11-03,FRU-005,PAI-003,103.37,3499.88,361782.6
EXP-2025-0099,2025-12-14,FRU-003,PAI-005,27.82,740.45,20599.32
EXP-2025-0100,2025-01-23,FRU-006,PAI-006,136.39,1222.18,166693.13
EXP-2024-0101,2024-11-04,FRU-004,PAI-005,126.72,5036.82,638265.83
EXP-2024-0102,2024-08-03,FRU-004,PAI-007,91.2,5328.72,485979.26
EXP-2025-0103,2025-04-21,FRU-004,PAI-004,104.59,5209.3,544840.69
EXP-2024-0104,2024-06-22,FRU-006,PAI-001,49.73,1231.46,61240.51
EXP-2025-0105,2025-09-26,FRU-003,PAI-001,124.58,780.14,97189.84
EXP-2025-0106,2025-11-19,FRU-003,PAI-002,122.92,707.68,86988.03
EXP-2024-0107,2024-02-17,FRU-002,PAI-004,95.58,1564.44,149529.18
EXP-2025-0108,2025-04-11,FRU-004,PAI-006,90.59,5381.66,487524.58
EXP-2025-0109,2025-01-28,FRU-004,PAI-004,44.16,5329.84,235365.73
EXP-2024-0110,2024-01-06,FRU-007,PAI-007,117.81,843.35,99355.06
EXP-2025-0111,2025-03-11,FRU-002,PAI-002,122.58,1547.02,189633.71
EXP-2025-0112,2025-04-20,FRU-001,PAI-005,44.89,2533.76,113740.49
EXP-2025-0113,2025-04-12,FRU-002,PAI-007,75.05,1507.47,113135.62
EXP-2025-0114,2025-07-26,FRU-005,PAI-003,143.01,3825.46,547079.03
EXP-2025-0115,2025-09-19,FRU-007,PAI-006,134.88,889.45,119969.02
EXP-2025-0116,2025-07-15,FRU-004,PAI-002,114.11,5178.93,590967.7
EXP-2024-0117,2024-09-22,FRU-007,PAI-002,127.58,867.93,110730.51
EXP-2025-0118,2025-06-17,FRU-004,PAI-006,43.49,5149.97,223972.2
EXP-2025-0119,2025-12-31,FRU-003,PAI-002,48.04,728.37,34990.89
EXP-2025-0120,2025-07-07,FRU-001,PAI-002,31.12,2355.09,73290.4
EXP-2024-0121,2024-06-05,FRU-006,PAI-002,18.99,1182.26,22451.12
EXP-2025-0122,2025-07-09,FRU-004,PAI-004,18.72,5476.97,102528.88
EXP-2025-0123,2025-02-02,FRU-007,PAI-005,142.45,830.81,118348.88
EXP-2025-0124,2025-08-12,FRU-004,PAI-004,10.83,5076.66,54980.23
EXP-2025-0125,2025-02-03,FRU-007,PAI-007,68.66,935.64,64241.04
EXP-2025-0126,2025-07-13,FRU-007,PAI-005,135.69,898.31,121891.68
EXP-2024-0127,2024-10-06,FRU-004,PAI-004,14.06,5063.66,71195.06
EXP-2025-0128,2025-11-26,FRU-007,PAI-004,111.39,949.03,105712.45
EXP-2024-0129,2024-05-10,FRU-005,PAI-005,13.78,3538.96,48766.87
EXP-2025-0130,2025-07-31,FRU-006,PAI-001,21.75,1186.29,25801.81
EXP-2025-0131,2025-04-17,FRU-002,PAI-001,46.42,1458.56,67706.36
EXP-2025-0132,2025-04-10,FRU-003,PAI-003,116.57,735.5,85737.24
EXP-2025-0133,2025-03-07,FRU-003,PAI-007,21.47,692.33,14864.33
EXP-2025-0134,2025-07-06,FRU-001,PAI-003,41.39,2234.35,92479.75
EXP-2025-0135,2025-10-29,FRU-001,PAI-007,14.34,2302.96,33024.45
EXP-2024-0136,2024-01-21,FRU-005,PAI-002,43.4,3584.77,155579.02
EXP-2024-0137,2024-04-27,FRU-005,PAI-002,75.1,3459.6,259815.96
EXP-2025-0138,2025-01-12,FRU-002,PAI-005,95.01,1559.5,148168.1
EXP-2024-0139,2024-04-27,FRU-007,PAI-007,32.93,872.79,28740.97
EXP-2025-0140,2025-08-15,FRU-001,PAI-003,90.61,2556.68,231660.77
EXP-2025-0141,2025-01-19,FRU-004,PAI-006,37.77,5276.63,199298.32
EXP-2025-0142,2025-10-04,FRU-002,PAI-001,107.61,1452.38,156290.61
EXP-2025-0143,2025-12-01,FRU-005,PAI-007,26.95,3878.69,104530.7
EXP-2024-0144,2024-02-12,FRU-003,PAI-005,69.97,734.47,51390.87
EXP-2025-0145,2025-06-02,FRU-006,PAI-003,11.77,1184.65,13943.33
EXP-2025-0146,2025-05-16,FRU-001,PAI-004,144.51,2452.06,354347.19
EXP-2025-0147,2025-04-15,FRU-006,PAI-002,70.97,1244.89,88349.84
EXP-2025-0148,2025-10-28,FRU-003,PAI-005,123.15,754.58,92926.53
EXP-2025-0149,2025-05-10,FRU-004,PAI-004,125.6,5276.94,662783.66
EXP-2024-0150,2024-11-26,FRU-007,PAI-002,126.3,840.48,106152.62
EXP-2025-0151,2025-04-06,FRU-002,PAI-007,75.06,1526.48,114577.59
EXP-2025-0152,2025-01-23,FRU-003,PAI-001,79.2,729.0,57736.8
EXP-2025-0153,2025-05-14,FRU-002,PAI-003,121.7,1461.68,177886.46
EXP-2025-0154,2025-09-02,FRU-006,PAI-003,87.81,1203.19,105652.11
EXP-2024-0155,2024-07-14,FRU-001,PAI-002,110.81,2395.61,265457.54
EXP-2024-0156,2024-09-03,FRU-006,PAI-004,100.43,1198.24,120339.24
EXP-2024-0157,2024-01-18,FRU-001,PAI-003,41.02,2473.65,101469.12
EXP-2024-0158,2024-11-09,FRU-006,PAI-005,61.66,1210.27,74625.25
EXP-2024-0159,2024-12-18,FRU-004,PAI-006,87.05,5076.71,441927.61
EXP-2025-0160,2025-04-09,FRU-003,PAI-003,45.2,704.48,31842.5
EXP-2024-0161,2024-07-16,FRU-003,PAI-001,114.0,804.11,91668.54
EXP-2025-0162,2025-12-07,FRU-002,PAI-002,40.29,1496.21,60282.3
EXP-2025-0163,2025-08-26,FRU-007,PAI-005,93.55,969.19,90667.72
EXP-2024-0164,2024-07-17,FRU-003,PAI-002,60.52,726.27,43953.86
EXP-2025-0165,2025-12-26,FRU-005,PAI-002,48.4,3873.19,187462.4
EXP-2025-0166,2025-07-20,FRU-003,PAI-006,142.17,766.54,108978.99
EXP-2025-0167,2025-05-17,FRU-001,PAI-007,11.72,2317.19,27157.47
EXP-2025-0168,2025-05-05,FRU-004,PAI-003,35.81,4826.75,172845.92
EXP-2025-0169,2025-05-04,FRU-001,PAI-007,19.15,2396.83,45899.29
EXP-2025-0170,2025-08-13,FRU-006,PAI-006,17.51,1132.65,19832.7
EXP-2025-0171,2025-07-30,FRU-003,PAI-001,149.15,704.21,105032.92
EXP-2025-0172,2025-03-02,FRU-005,PAI-005,120.7,3442.0,415449.4
EXP-2025-0173,2025-06-19,FRU-004,PAI-004,137.19,5031.4,690257.77
EXP-2025-0174,2025-08-25,FRU-004,PAI-003,89.61,4834.11,433184.6
EXP-2024-0175,2024-04-11,FRU-007,PAI-002,97.57,866.11,84506.35
EXP-2024-0176,2024-03-24,FRU-002,PAI-002,34.33,1398.02,47994.03
EXP-2024-0177,2024-01-03,FRU-004,PAI-004,106.51,5174.97,551186.05
EXP-2024-0178,2024-02-03,FRU-002,PAI-003,108.97,1548.72,168764.02
EXP-2025-0179,2025-04-09,FRU-001,PAI-006,42.68,2309.59,98573.3
EXP-2025-0180,2025-10-02,FRU-005,PAI-006,122.55,3425.94,419848.95
EXP-2024-0181,2024-04-27,FRU-005,PAI-002,100.67,3835.24,386093.61
EXP-2024-0182,2024-05-25,FRU-001,PAI-001,33.23,2326.12,77296.97
EXP-2025-0183,2025-08-05,FRU-003,PAI-004,27.41,772.64,21178.06
EXP-2025-0184,2025-12-17,FRU-004,PAI-003,80.07,5194.84,415950.84
EXP-2024-0185,2024-03-23,FRU-005,PAI-001,134.52,3735.09,502444.31
EXP-2025-0186,2025-09-10,FRU-003,PAI-001,22.79,805.43,18355.75
EXP-2025-0187,2025-08-12,FRU-005,PAI-001,149.94,3699.23,554662.55
EXP-2024-0188,2024-10-02,FRU-005,PAI-001,116.84,3412.91,398764.4
EXP-2025-0189,2025-06-15,FRU-006,PAI-004,138.25,1138.85,157446.01
EXP-2025-0190,2025-08-22,FRU-004,PAI-006,123.99,5590.25,693135.1
EXP-2025-0191,2025-04-26,FRU-003,PAI-004,56.66,770.42,43652.0
EXP-2024-0192,2024-06-13,FRU-003,PAI-004,107.11,724.59,77610.83
EXP-2025-0193,2025-02-14,FRU-007,PAI-007,87.01,893.49,77742.56
EXP-2024-0194,2024-11-18,FRU-003,PAI-003,26.23,782.71,20530.48
EXP-2025-0195,2025-06-10,FRU-007,PAI-001,102.07,906.13,92488.69
EXP-2025-0196,2025-02-27,FRU-001,PAI-002,82.58,2447.09,202080.69
EXP-2025-0197,2025-05-25,FRU-006,PAI-004,116.4,1143.08,133054.51
EXP-2025-0198,2025-07-16,FRU-002,PAI-003,71.34,1547.58,110404.36
EXP-2024-0199,2024-05-04,FRU-001,PAI-006,95.24,2299.89,219041.52
EXP-2024-0200,2024-06-11,FRU-003,PAI-005,11.91,738.96,8801.01
EXP-2024-0201,2024-08-18,FRU-007,PAI-001,74.6,844.92,63031.03
EXP-2024-0202,2024-06-06,FRU-004,PAI-006,50.86,5370.9,273163.97
EXP-2025-0203,2025-03-01,FRU-007,PAI-004,147.23,863.1,127074.21
EXP-2025-0204,2025-07-18,FRU-002,PAI-004,36.69,1523.85,55910.06
EXP-2024-0205,2024-05-19,FRU-007,PAI-001,48.67,941.76,45835.46
EXP-2025-0206,2025-02-28,FRU-003,PAI-007,81.08,788.47,63929.15
EXP-2024-0207,2024-10-16,FRU-006,PAI-003,127.25,1215.35,154653.29
EXP-2025-0208,2025-11-06,FRU-004,PAI-007,30.8,5232.1,161148.68
EXP-2024-0209,2024-12-19,FRU-003,PAI-005,116.8,735.27,85879.54
EXP-2024-0210,2024-11-25,FRU-007,PAI-002,147.31,862.39,127038.67
EXP-2025-0211,2025-01-27,FRU-002,PAI-007,118.58,1390.48,164883.12
EXP-2025-0212,2025-04-29,FRU-006,PAI-007,63.37,1293.78,81986.84
EXP-2025-0213,2025-10-29,FRU-002,PAI-004,145.08,1410.3,204606.32
EXP-2025-0214,2025-08-27,FRU-003,PAI-007,24.05,791.4,19033.17
EXP-2024-0215,2024-04-12,FRU-005,PAI-004,12.15,3395.03,41249.61
EXP-2025-0216,2025-11-01,FRU-002,PAI-001,75.73,1612.61,122122.96
EXP-2024-0217,2024-12-12,FRU-005,PAI-006,65.65,3358.26,220469.77
EXP-2024-0218,2024-12-02,FRU-007,PAI-006,130.31,882.72,115027.24
EXP-2024-0219,2024-11-20,FRU-006,PAI-006,134.24,1197.69,160777.91
EXP-2025-0220,2025-07-08,FRU-001,PAI-005,19.58,2450.37,47978.24
EXP-2024-0221,2024-10-21,FRU-002,PAI-006,22.65,1614.8,36575.22
EXP-2025-0222,2025-10-10,FRU-006,PAI-007,24.07,1135.94,27342.08
EXP-2024-0223,2024-11-02,FRU-001,PAI-001,55.41,2229.55,123539.37
EXP-2025-0224,2025-01-02,FRU-003,PAI-004,30.38,753.74,22898.62
EXP-2025-0225,2025-08-02,FRU-006,PAI-007,35.21,1137.61,40055.25
EXP-2025-0226,2025-09-16,FRU-007,PAI-004,96.76,862.68,83472.92
EXP-2025-0227,2025-08-20,FRU-002,PAI-002,74.56,1440.95,107437.23
EXP-2024-0228,2024-09-18,FRU-006,PAI-001,135.85,1193.33,162113.88
EXP-2024-0229,2024-10-21,FRU-006,PAI-005,32.12,1188.81,38184.58
EXP-2024-0230,2024-12-19,FRU-005,PAI-003,99.45,3556.4,353683.98
EXP-2024-0231,2024-09-13,FRU-004,PAI-007,52.3,5615.48,293689.6
EXP-2025-0232,2025-05-09,FRU-001,PAI-002,63.39,2345.84,148702.8
EXP-2024-0233,2024-10-29,FRU-006,PAI-003,13.07,1263.37,16512.25
EXP-2025-0234,2025-02-09,FRU-003,PAI-001,89.23,772.3,68912.33
EXP-2024-0235,2024-02-20,FRU-005,PAI-006,79.54,3832.79,304860.12
EXP-2024-0236,2024-10-20,FRU-007,PAI-007,42.22,943.48,39833.73
EXP-2024-0237,2024-08-12,FRU-006,PAI-002,96.92,1234.13,119611.88
EXP-2025-0238,2025-11-06,FRU-006,PAI-007,29.15,1122.66,32725.54
EXP-2025-0239,2025-10-04,FRU-006,PAI-001,53.25,1188.64,63295.08
EXP-2025-0240,2025-08-16,FRU-003,PAI-006,28.4,799.16,22696.14
EXP-2024-0241,2024-11-30,FRU-006,PAI-004,34.59,1129.37,39064.91
EXP-2025-0242,2025-07-06,FRU-003,PAI-005,80.25,722.7,57996.68
EXP-2024-0243,2024-06-17,FRU-003,PAI-007,142.19,806.09,114617.94
EXP-2024-0244,2024-10-29,FRU-006,PAI-007,57.42,1126.11,64661.24
EXP-2024-0245,2024-03-18,FRU-002,PAI-007,145.31,1586.43,230524.14
EXP-2025-0246,2025-11-21,FRU-004,PAI-007,122.64,5088.32,624031.56
EXP-2025-0247,2025-02-08,FRU-001,PAI-003,85.12,2382.64,202810.32
EXP-2025-0248,2025-11-19,FRU-006,PAI-006,46.7,1177.16,54973.37
EXP-2025-0249,2025-10-15,FRU-003,PAI-001,104.48,746.58,78002.68
EXP-2025-0250,2025-09-26,FRU-005,PAI-003,138.14,3439.51,475133.91
EXP-2024-0251,2024-03-05,FRU-006,PAI-007,75.0,1238.61,92895.75
EXP-2025-0252,2025-10-26,FRU-004,PAI-001,29.57,5571.29,164743.05
EXP-2024-0253,2024-11-07,FRU-004,PAI-001,23.61,5522.2,130379.14
EXP-2024-0254,2024-05-18,FRU-004,PAI-004,61.94,5573.88,345246.13
EXP-2025-0255,2025-12-14,FRU-005,PAI-004,92.23,3730.52,344065.86
EXP-2025-0256,2025-02-28,FRU-006,PAI-001,126.72,1222.21,154878.45
EXP-2024-0257,2024-10-13,FRU-001,PAI-006,61.87,2378.26,147142.95
EXP-2024-0258,2024-08-29,FRU-007,PAI-003,23.91,926.74,22158.35
EXP-2025-0259,2025-07-11,FRU-006,PAI-003,18.48,1156.97,21380.81
EXP-2024-0260,2024-05-05,FRU-007,PAI-007,73.66,923.44,68020.59
EXP-2025-0261,2025-10-19,FRU-006,PAI-005,145.95,1113.71,162545.97
EXP-2024-0262,2024-12-07,FRU-002,PAI-002,120.18,1429.25,171767.27
EXP-2025-0263,2025-07-21,FRU-002,PAI-005,40.23,1588.73,63914.61
EXP-2024-0264,2024-12-02,FRU-007,PAI-002,120.41,913.82,110033.07
EXP-2024-0265,2024-10-10,FRU-007,PAI-002,148.25,905.79,134283.37
EXP-2024-0266,2024-06-27,FRU-001,PAI-006,131.3,2258.61,296555.49
EXP-2025-0267,2025-01-01,FRU-007,PAI-007,43.31,874.62,37879.79
EXP-2024-0268,2024-06-27,FRU-003,PAI-001,27.75,740.52,20549.43
EXP-2024-0269,2024-04-26,FRU-006,PAI-001,76.67,1253.38,96096.64
EXP-2025-0270,2025-06-09,FRU-005,PAI-001,73.28,3439.61,252054.62
EXP-2025-0271,2025-09-21,FRU-001,PAI-006,119.65,2540.92,304021.08
EXP-2025-0272,2025-06-17,FRU-003,PAI-004,100.07,693.74,69422.56
EXP-2025-0273,2025-05-05,FRU-007,PAI-004,69.68,843.55,58778.56
EXP-2025-0274,2025-12-30,FRU-004,PAI-001,135.9,5052.0,686566.8
EXP-2024-0275,2024-05-31,FRU-001,PAI-002,48.5,2451.1,118878.35
EXP-2025-0276,2025-07-15,FRU-006,PAI-003,63.33,1218.7,77180.27
EXP-2024-0277,2024-10-28,FRU-004,PAI-005,94.76,4866.52,461151.44
EXP-2025-0278,2025-12-19,FRU-001,PAI-007,101.66,2545.04,258728.77
EXP-2025-0279,2025-07-18,FRU-006,PAI-007,40.1,1190.7,47747.07
EXP-2024-0280,2024-08-21,FRU-004,PAI-003,125.84,5115.74,643764.72
EXP-2024-0281,2024-04-07,FRU-003,PAI-004,53.75,720.59,38731.71
EXP-2024-0282,2024-06-05,FRU-006,PAI-004,19.4,1263.7,24515.78
EXP-2024-0283,2024-04-05,FRU-004,PAI-001,114.24,5094.04,581943.13
EXP-2024-0284,2024-05-13,FRU-005,PAI-001,92.11,3635.47,334863.14
EXP-2024-0285,2024-12-03,FRU-006,PAI-001,67.51,1271.73,85854.49
EXP-2025-0286,2025-03-09,FRU-007,PAI-006,17.2,869.42,14954.02
EXP-2024-0287,2024-11-15,FRU-003,PAI-001,90.91,715.53,65048.83
EXP-2025-0288,2025-11-03,FRU-004,PAI-002,128.62,5075.29,652783.8
EXP-2025-0289,2025-07-23,FRU-003,PAI-001,116.76,758.89,88608.0
EXP-2025-0290,2025-03-15,FRU-007,PAI-005,146.44,945.85,138510.27
EXP-2025-0291,2025-09-20,FRU-006,PAI-006,87.94,1220.93,107368.58
EXP-2025-0292,2025-11-04,FRU-007,PAI-006,47.44,853.98,40512.81
EXP-2025-0293,2025-12-20,FRU-007,PAI-003,139.02,878.55,122136.02
EXP-2024-0294,2024-07-04,FRU-007,PAI-002,89.28,885.71,79076.19
EXP-2024-0295,2024-05-25,FRU-006,PAI-006,146.05,1121.62,163812.6
EXP-2025-0296,2025-06-27,FRU-002,PAI-004,68.78,1461.82,100543.98
EXP-2025-0297,2025-01-13,FRU-003,PAI-006,55.41,802.97,44492.57
EXP-2025-0298,2025-09-02,FRU-001,PAI-001,31.78,2497.7,79376.91
EXP-2024-0299,2024-02-20,FRU-006,PAI-001,48.09,1231.09,59203.12
EXP-2025-0300,2025-05-12,FRU-005,PAI-004,67.99,3436.17,233625.2
EXP-2025-0301,2025-06-08,FRU-001,PAI-003,70.19,2316.77,162614.09
EXP-2025-0302,2025-11-25,FRU-005,PAI-004,83.77,3489.65,292327.98
EXP-2024-0303,2024-08-13,FRU-004,PAI-005,17.67,4954.08,87538.59
EXP-2024-0304,2024-08-04,FRU-007,PAI-002,116.98,869.68,101735.17
EXP-2024-0305,2024-05-02,FRU-001,PAI-004,114.58,2275.47,260723.35
EXP-2025-0306,2025-01-24,FRU-005,PAI-006,42.22,3633.82,153419.88
EXP-2025-0307,2025-11-15,FRU-007,PAI-003,20.09,952.09,19127.49
EXP-2024-0308,2024-02-13,FRU-004,PAI-001,74.37,4848.78,360603.77
EXP-2024-0309,2024-11-16,FRU-005,PAI-004,90.28,3720.67,335902.09
EXP-2025-0310,2025-03-03,FRU-003,PAI-001,66.7,805.94,53756.2
EXP-2024-0311,2024-06-24,FRU-007,PAI-005,74.41,927.3,69000.39
EXP-2025-0312,2025-01-05,FRU-001,PAI-004,128.23,2301.43,295112.37
EXP-2025-0313,2025-08-26,FRU-004,PAI-005,21.01,5508.28,115728.96
EXP-2024-0314,2024-12-13,FRU-002,PAI-003,119.08,1398.33,166513.14
EXP-2025-0315,2025-10-10,FRU-001,PAI-005,81.39,2555.87,208022.26
EXP-2024-0316,2024-12-23,FRU-003,PAI-006,144.15,767.45,110627.92
EXP-2024-0317,2024-05-31,FRU-002,PAI-001,30.5,1427.35,43534.17
EXP-2025-0318,2025-09-08,FRU-002,PAI-007,116.28,1398.08,162568.74
EXP-2025-0319,2025-10-05,FRU-004,PAI-004,115.62,5416.22,626223.36
EXP-2025-0320,2025-04-04,FRU-006,PAI-005,100.02,1293.41,129366.87
EXP-2024-0321,2024-11-26,FRU-007,PAI-006,54.26,891.33,48363.57
EXP-2025-0322,2025-04-25,FRU-004,PAI-006,52.39,5012.53,262606.45
EXP-2024-0323,2024-02-27,FRU-003,PAI-005,20.39,745.41,15198.91
EXP-2024-0324,2024-02-08,FRU-001,PAI-003,126.44,2237.46,282904.44
EXP-2024-0325,2024-04-02,FRU-005,PAI-005,80.99,3578.52,289824.33
EXP-2025-0326,2025-07-21,FRU-007,PAI-006,135.42,892.76,120897.56
EXP-2025-0327,2025-08-08,FRU-006,PAI-002,55.01,1195.32,65754.55
EXP-2024-0328,2024-06-03,FRU-001,PAI-004,24.49,2553.26,62529.34
EXP-2024-0329,2024-12-17,FRU-006,PAI-001,80.64,1137.13,91698.16
EXP-2024-0330,2024-09-10,FRU-006,PAI-004,148.74,1204.62,179175.18
EXP-2025-0331,2025-09-16,FRU-002,PAI-003,62.2,1447.89,90058.76
EXP-2025-0332,2025-02-22,FRU-007,PAI-003,105.05,835.54,87773.48
EXP-2025-0333,2025-10-08,FRU-006,PAI-003,19.23,1122.15,21578.94
EXP-2025-0334,2025-11-25,FRU-004,PAI-003,45.28,5492.5,248700.4
EXP-2025-0335,2025-09-09,FRU-007,PAI-002,56.67,911.91,51677.94
EXP-2024-0336,2024-05-24,FRU-003,PAI-003,145.48,773.82,112575.33
EXP-2025-0337,2025-02-05,FRU-002,PAI-005,109.24,1400.33,152972.05
EXP-2025-0338,2025-07-26,FRU-004,PAI-006,120.83,5460.57,659800.67
EXP-2025-0339,2025-11-17,FRU-006,PAI-007,142.6,1295.46,184732.6
EXP-2025-0340,2025-06-23,FRU-001,PAI-006,103.86,2403.26,249602.58
EXP-2024-0341,2024-01-19,FRU-003,PAI-003,35.24,715.7,25221.27
EXP-2025-0342,2025-05-12,FRU-002,PAI-002,150.0,1417.19,212578.5
EXP-2024-0343,2024-10-29,FRU-007,PAI-007,24.16,939.01,22686.48
EXP-2025-0344,2025-06-23,FRU-001,PAI-006,57.15,2502.26,143004.16
EXP-2024-0345,2024-05-14,FRU-005,PAI-004,31.6,3416.17,107950.97
EXP-2025-0346,2025-12-10,FRU-007,PAI-005,123.27,851.84,105006.32
EXP-2025-0347,2025-03-24,FRU-001,PAI-004,61.0,2484.32,151543.52
EXP-2025-0348,2025-03-30,FRU-005,PAI-003,115.33,3763.47,434041.0
EXP-2024-0349,2024-08-27,FRU-005,PAI-002,53.33,3777.77,201468.47
EXP-2025-0350,2025-04-25,FRU-007,PAI-002,61.5,964.39,59309.99
EXP-2025-0351,2025-03-27,FRU-004,PAI-007,49.45,5101.72,252280.05
EXP-2025-0352,2025-06-24,FRU-004,PAI-002,124.36,5450.65,677842.83
EXP-2024-0353,2024-05-21,FRU-007,PAI-003,17.31,897.21,15530.71
EXP-2025-0354,2025-01-15,FRU-005,PAI-001,109.6,3609.16,395563.94
EXP-2024-0355,2024-05-07,FRU-003,PAI-001,116.84,722.73,84443.77
EXP-2025-0356,2025-06-09,FRU-002,PAI-007,71.25,1607.14,114508.73
EXP-2024-0357,2024-08-15,FRU-007,PAI-004,133.85,961.99,128762.36
EXP-2025-0358,2025-02-28,FRU-001,PAI-004,80.28,2298.54,184526.79
EXP-2024-0359,2024-03-24,FRU-003,PAI-002,13.95,801.7,11183.72
EXP-2025-0360,2025-10-27,FRU-003,PAI-007,30.45,694.6,21150.57
EXP-2025-0361,2025-04-28,FRU-006,PAI-007,29.43,1239.46,36477.31
EXP-2025-0362,2025-04-04,FRU-005,PAI-001,136.82,3322.95,454646.02
EXP-2024-0363,2024-08-08,FRU-007,PAI-002,86.83,932.72,80988.08
EXP-2025-0364,2025-06-24,FRU-004,PAI-001,118.66,4981.72,591130.9
EXP-2024-0365,2024-05-04,FRU-001,PAI-002,68.78,2512.86,172834.51
EXP-2025-0366,2025-04-13,FRU-001,PAI-001,127.14,2399.93,305127.1
EXP-2025-0367,2025-07-02,FRU-001,PAI-006,82.15,2300.9,189018.94
EXP-2024-0368,2024-05-27,FRU-003,PAI-004,10.22,732.34,7484.51
EXP-2025-0369,2025-08-07,FRU-004,PAI-002,103.01,4855.23,500137.24
EXP-2025-0370,2025-01-04,FRU-001,PAI-005,86.17,2509.98,216284.98
EXP-2025-0371,2025-06-03,FRU-005,PAI-001,64.66,3582.8,231663.85
EXP-2025-0372,2025-10-12,FRU-004,PAI-003,45.51,4797.51,218334.68
EXP-2024-0373,2024-03-10,FRU-003,PAI-002,112.61,765.39,86190.57
EXP-2025-0374,2025-08-18,FRU-006,PAI-007,56.55,1112.51,62912.44
EXP-2025-0375,2025-07-13,FRU-003,PAI-007,99.99,789.65,78957.1
EXP-2025-0376,2025-12-02,FRU-004,PAI-006,76.99,4935.66,379996.46
EXP-2024-0377,2024-05-18,FRU-001,PAI-006,118.67,2383.75,282879.61
EXP-2024-0378,2024-10-27,FRU-002,PAI-001,120.76,1592.59,192321.17
EXP-2024-0379,2024-11-19,FRU-003,PAI-005,65.75,787.85,51801.14
EXP-2025-0380,2025-04-29,FRU-003,PAI-001,115.46,712.93,82314.9
EXP-2024-0381,2024-12-31,FRU-007,PAI-007,16.69,922.43,15395.36
EXP-2024-0382,2024-10-06,FRU-001,PAI-007,61.52,2549.56,156848.93
EXP-2025-0383,2025-03-26,FRU-004,PAI-003,146.32,5196.84,760401.63
EXP-2025-0384,2025-05-24,FRU-003,PAI-007,82.7,786.14,65013.78
EXP-2025-0385,2025-03-10,FRU-001,PAI-004,94.34,2523.78,238093.41
EXP-2025-0386,2025-07-12,FRU-003,PAI-003,24.36,729.35,17766.97
EXP-2024-0387,2024-10-29,FRU-003,PAI-004,94.37,741.13,69940.44
EXP-2025-0388,2025-12-07,FRU-004,PAI-003,72.6,5388.71,391220.35
EXP-2024-0389,2024-12-27,FRU-005,PAI-004,48.44,3876.5,187777.66
EXP-2024-0390,2024-02-28,FRU-001,PAI-006,99.25,2347.51,232990.37
EXP-2025-0391,2025-11-26,FRU-002,PAI-001,29.99,1525.82,45759.34
EXP-2025-0392,2025-03-24,FRU-001,PAI-002,19.41,2506.95,48659.9
EXP-2025-0393,2025-01-10,FRU-003,PAI-004,142.93,693.89,99177.7
EXP-2024-0394,2024-06-06,FRU-006,PAI-004,142.84,1175.43,167898.42
EXP-2024-0395,2024-03-19,FRU-005,PAI-002,84.12,3541.27,297891.63
EXP-2025-0396,2025-10-27,FRU-003,PAI-002,144.47,693.11,100133.6
EXP-2024-0397,2024-07-09,FRU-004,PAI-005,64.18,5251.31,337029.08
EXP-2024-0398,2024-09-25,FRU-007,PAI-003,108.57,858.9,93250.77
EXP-2025-0399,2025-09-18,FRU-003,PAI-006,138.31,748.94,103585.89
EXP-2024-0400,2024-05-05,FRU-002,PAI-007,20.37,1421.44,28954.73
EXP-2025-0401,2025-12-31,FRU-004,PAI-001,123.47,5589.01,690075.06
EXP-2024-0402,2024-11-23,FRU-006,PAI-003,109.34,1209.6,132257.66
EXP-2024-0403,2024-10-24,FRU-003,PAI-007,32.05,775.15,24843.56
EXP-2025-0404,2025-12-18,FRU-006,PAI-002,121.12,1201.68,145547.48
EXP-2024-0405,2024-05-04,FRU-002,PAI-007,29.44,1569.69,46211.67
EXP-2024-0406,2024-01-27,FRU-003,PAI-005,90.12,746.09,67237.63
EXP-2025-0407,2025-07-18,FRU-002,PAI-005,133.79,1395.78,186741.41
EXP-2025-0408,2025-02-11,FRU-006,PAI-006,77.01,1182.87,91092.82
EXP-2025-0409,2025-02-23,FRU-007,PAI-005,20.33,968.02,19679.85
EXP-2025-0410,2025-10-19,FRU-001,PAI-004,75.22,2406.67,181029.72
EXP-2024-0411,2024-05-11,FRU-007,PAI-007,87.18,912.64,79563.96
EXP-2024-0412,2024-05-12,FRU-004,PAI-005,137.5,4830.1,664138.75
EXP-2024-0413,2024-05-07,FRU-005,PAI-002,52.58,3405.29,179050.15
EXP-2025-0414,2025-12-27,FRU-002,PAI-003,142.65,1504.54,214622.63
EXP-2024-0415,2024-10-17,FRU-007,PAI-001,45.08,919.45,41448.81
EXP-2025-0416,2025-07-18,FRU-003,PAI-002,97.5,763.73,74463.68
EXP-2024-0417,2024-04-05,FRU-005,PAI-006,33.61,3854.37,129545.38
EXP-2024-0418,2024-06-06,FRU-002,PAI-006,97.43,1596.48,155545.05
EXP-2024-0419,2024-12-11,FRU-007,PAI-005,15.77,952.38,15019.03
EXP-2024-0420,2024-03-24,FRU-001,PAI-006,117.94,2309.63,272397.76
EXP-2024-0421,2024-08-03,FRU-007,PAI-005,68.32,920.01,62855.08
EXP-2025-0422,2025-05-24,FRU-006,PAI-005,50.55,1287.68,65092.22
EXP-2025-0423,2025-05-09,FRU-002,PAI-007,123.03,1477.46,181771.9
EXP-2025-0424,2025-04-09,FRU-001,PAI-006,18.39,2376.81,43709.54
EXP-2025-0425,2025-05-10,FRU-004,PAI-002,57.63,4903.53,282590.43
EXP-2024-0426,2024-11-22,FRU-006,PAI-007,58.35,1180.55,68885.09
EXP-2025-0427,2025-01-14,FRU-005,PAI-005,24.87,3451.24,85832.34
EXP-2024-0428,2024-05-05,FRU-003,PAI-004,44.71,701.62,31369.43
EXP-2024-0429,2024-10-24,FRU-004,PAI-007,96.15,4990.56,479842.34
EXP-2024-0430,2024-06-12,FRU-007,PAI-003,140.73,931.84,131137.84
EXP-2024-0431,2024-07-13,FRU-007,PAI-002,79.76,902.12,71953.09
EXP-2025-0432,2025-05-25,FRU-003,PAI-004,13.24,803.43,10637.41
EXP-2025-0433,2025-06-01,FRU-004,PAI-002,40.12,5077.61,203713.71
EXP-2024-0434,2024-02-21,FRU-003,PAI-004,93.65,791.14,74090.26
EXP-2025-0435,2025-11-19,FRU-004,PAI-003,85.14,5488.85,467320.69
EXP-2025-0436,2025-03-17,FRU-002,PAI-003,111.85,1563.33,174858.46
EXP-2025-0437,2025-01-09,FRU-001,PAI-004,17.16,2423.74,41591.38
EXP-2025-0438,2025-01-06,FRU-005,PAI-003,20.29,3602.45,73093.71
EXP-2025-0439,2025-07-17,FRU-003,PAI-007,148.47,771.65,114566.88
EXP-2024-0440,2024-05-01,FRU-002,PAI-001,65.15,1570.78,102336.32
EXP-2024-0441,2024-12-13,FRU-005,PAI-003,115.7,3426.66,396464.56
EXP-2025-0442,2025-06-05,FRU-004,PAI-005,15.64,4816.38,75328.18
EXP-2025-0443,2025-12-31,FRU-003,PAI-007,76.32,744.84,56846.19
EXP-2025-0444,2025-09-12,FRU-005,PAI-002,55.92,3665.13,204954.07
EXP-2024-0445,2024-06-15,FRU-004,PAI-005,113.5,5032.96,571240.96
EXP-2024-0446,2024-12-10,FRU-005,PAI-007,81.36,3594.15,292420.04
EXP-2025-0447,2025-07-30,FRU-003,PAI-004,124.2,734.2,91187.64
EXP-2025-0448,2025-11-20,FRU-001,PAI-004,91.72,2513.95,230579.49
EXP-2025-0449,2025-12-05,FRU-006,PAI-001,93.57,1154.98,108071.48
EXP-2025-0450,2025-11-02,FRU-007,PAI-007,90.99,860.77,78321.46
EXP-2024-0451,2024-02-22,FRU-005,PAI-004,33.87,3674.32,124449.22
EXP-2025-0452,2025-09-26,FRU-007,PAI-007,63.23,946.32,59835.81
EXP-2024-0453,2024-09-05,FRU-001,PAI-005,142.75,2250.2,321216.05
EXP-2024-0454,2024-01-20,FRU-004,PAI-003,68.63,5127.58,351905.82
EXP-2024-0455,2024-07-27,FRU-004,PAI-005,118.5,5549.87,657659.59
EXP-2024-0456,2024-03-04,FRU-006,PAI-002,82.62,1211.69,100109.83
EXP-2025-0457,2025-11-09,FRU-004,PAI-005,62.76,5579.96,350198.29
EXP-2025-0458,2025-04-15,FRU-005,PAI-003,86.48,3701.3,320088.42
EXP-2025-0459,2025-11-28,FRU-006,PAI-007,107.06,1221.13,130734.18
EXP-2024-0460,2024-07-15,FRU-002,PAI-003,88.13,1433.97,126375.78
EXP-2024-0461,2024-10-31,FRU-007,PAI-003,108.69,927.39,100798.02
EXP-2025-0462,2025-05-15,FRU-003,PAI-004,58.83,802.04,47184.01
EXP-2024-0463,2024-10-07,FRU-003,PAI-001,90.29,755.18,68185.2
EXP-2025-0464,2025-02-08,FRU-007,PAI-003,143.65,943.86,135585.49
EXP-2024-0465,2024-10-24,FRU-001,PAI-003,143.74,2238.35,321740.43
EXP-2025-0466,2025-03-28,FRU-006,PAI-003,114.63,1145.09,131261.67
EXP-2025-0467,2025-07-05,FRU-003,PAI-005,107.46,706.47,75917.27
EXP-2025-0468,2025-09-22,FRU-006,PAI-005,43.5,1113.75,48448.12
EXP-2025-0469,2025-06-27,FRU-002,PAI-006,42.6,1404.05,59812.53
EXP-2024-0470,2024-12-04,FRU-006,PAI-004,24.08,1251.99,30147.92
EXP-2024-0471,2024-01-06,FRU-005,PAI-002,66.97,3850.58,257873.34
EXP-2025-0472,2025-05-02,FRU-004,PAI-006,37.92,5585.98,211820.36
EXP-2024-0473,2024-11-24,FRU-003,PAI-006,18.28,782.25,14299.53
EXP-2025-0474,2025-10-29,FRU-005,PAI-002,84.92,3728.52,316625.92
EXP-2024-0475,2024-02-08,FRU-002,PAI-004,133.51,1422.19,189876.59
EXP-2024-0476,2024-02-07,FRU-007,PAI-004,120.31,854.83,102844.6
EXP-2024-0477,2024-10-23,FRU-001,PAI-001,51.77,2439.47,126291.36
EXP-2024-0478,2024-12-09,FRU-003,PAI-004,148.47,755.2,112124.54
EXP-2025-0479,2025-05-20,FRU-002,PAI-007,80.59,1445.48,116491.23
EXP-2024-0480,2024-04-25,FRU-003,PAI-002,112.36,767.79,86268.88
EXP-2024-0481,2024-07-09,FRU-001,PAI-006,57.2,2321.29,132777.79
EXP-2025-0482,2025-11-21,FRU-007,PAI-002,34.57,951.29,32886.1
EXP-2025-0483,2025-02-19,FRU-007,PAI-004,82.14,840.49,69037.85
EXP-2025-0484,2025-11-16,FRU-001,PAI-002,147.44,2391.34,352579.17
EXP-2024-0485,2024-09-11,FRU-001,PAI-003,63.7,2379.55,151577.34
EXP-2024-0486,2024-09-30,FRU-003,PAI-003,91.54,758.75,69455.98
EXP-2024-0487,2024-09-24,FRU-006,PAI-003,106.99,1115.93,119393.35
EXP-2024-0488,2024-05-01,FRU-004,PAI-003,32.36,5354.81,173281.65
EXP-2025-0489,2025-12-21,FRU-007,PAI-003,106.64,919.97,98105.6
EXP-2024-0490,2024-10-29,FRU-003,PAI-005,40.92,804.88,32935.69
EXP-2025-0491,2025-05-04,FRU-002,PAI-004,114.68,1525.38,174930.58
EXP-2025-0492,2025-03-01,FRU-006,PAI-005,137.79,1249.41,172156.2
EXP-2025-0493,2025-11-11,FRU-007,PAI-002,116.66,925.97,108023.66
EXP-2025-0494,2025-09-02,FRU-007,PAI-007,21.46,892.33,19149.4
EXP-2025-0495,2025-12-21,FRU-003,PAI-001,138.41,703.47,97367.28
EXP-2025-0496,2025-07-14,FRU-005,PAI-002,90.18,3398.31,306459.6
EXP-2024-0497,2024-12-01,FRU-007,PAI-005,71.86,925.96,66539.49
EXP-2025-0498,2025-08-20,FRU-004,PAI-001,135.84,5154.64,700206.3
EXP-2024-0499,2024-02-26,FRU-004,PAI-002,81.85,5164.06,422678.31
EXP-2024-0500,2024-02-29,FRU-005,PAI-004,104.19,3489.51,363572.05
